layer_name,format_a_columns,format_b_columns,common_columns,missing_in_a_count,missing_in_b_count,type_mismatches_count,columns_match,missing_in_a,missing_in_b,column_name,format_a_type,format_b_type
boysaw,35.0,47.0,34.0,13.0,1.0,16.0,False,"lnam_refs, usag, mask, name_rcnm, ornt, ffpt_rind, name_rcid, wkb_geometry, colour, ogc_fid, status, colpat, natcon",geometry,,,
boysaw_TYPE_MISMATCH,,,,,,,,,,objl,int32,float64
boysaw_TYPE_MISMATCH,,,,,,,,,,fids,int32,float64
boysaw_TYPE_MISMATCH,,,,,,,,,,dsid_updn,int32,int64
boysaw_TYPE_MISMATCH,,,,,,,,,,rver,int32,float64
boysaw_TYPE_MISMATCH,,,,,,,,,,conrad,float64,object
boysaw_TYPE_MISMATCH,,,,,,,,,,veracc,float64,object
boysaw_TYPE_MISMATCH,,,,,,,,,,dsid_edtn,int32,int64
boysaw_TYPE_MISMATCH,,,,,,,,,,prim,int32,float64
boysaw_TYPE_MISMATCH,,,,,,,,,,scamax,float64,object
boysaw_TYPE_MISMATCH,,,,,,,,,,boyshp,int32,int64
boysaw_TYPE_MISMATCH,,,,,,,,,,agen,int32,float64
boysaw_TYPE_MISMATCH,,,,,,,,,,rcid,int32,float64
boysaw_TYPE_MISMATCH,,,,,,,,,,verlen,float64,object
boysaw_TYPE_MISMATCH,,,,,,,,,,scamin,int32,int64
boysaw_TYPE_MISMATCH,,,,,,,,,,grup,int32,float64
boysaw_TYPE_MISMATCH,,,,,,,,,,fidn,int32,float64
splare,27.0,37.0,26.0,11.0,1.0,12.0,False,"lnam_refs, usag, mask, name_rcnm, ornt, ffpt_rind, name_rcid, wkb_geometry, ogc_fid, status, restrn",geometry,,,
splare_TYPE_MISMATCH,,,,,,,,,,objl,int32,float64
splare_TYPE_MISMATCH,,,,,,,,,,fids,int32,float64
splare_TYPE_MISMATCH,,,,,,,,,,dsid_updn,int32,int64
splare_TYPE_MISMATCH,,,,,,,,,,rver,int32,float64
splare_TYPE_MISMATCH,,,,,,,,,,dsid_edtn,int32,int64
splare_TYPE_MISMATCH,,,,,,,,,,prim,int32,float64
splare_TYPE_MISMATCH,,,,,,,,,,scamax,float64,object
splare_TYPE_MISMATCH,,,,,,,,,,agen,int32,float64
splare_TYPE_MISMATCH,,,,,,,,,,rcid,int32,float64
splare_TYPE_MISMATCH,,,,,,,,,,scamin,int32,int64
splare_TYPE_MISMATCH,,,,,,,,,,grup,int32,float64
splare_TYPE_MISMATCH,,,,,,,,,,fidn,int32,float64
fogsig,36.0,45.0,35.0,10.0,1.0,15.0,False,"lnam_refs, usag, mask, name_rcnm, ornt, ffpt_rind, name_rcid, wkb_geometry, ogc_fid, status",geometry,,,
fogsig_TYPE_MISMATCH,,,,,,,,,,objl,int32,float64
fogsig_TYPE_MISMATCH,,,,,,,,,,fids,int32,float64
fogsig_TYPE_MISMATCH,,,,,,,,,,dsid_updn,int32,int64
fogsig_TYPE_MISMATCH,,,,,,,,,,sigfrq,float64,object
fogsig_TYPE_MISMATCH,,,,,,,,,,valmxr,float64,object
fogsig_TYPE_MISMATCH,,,,,,,,,,rver,int32,float64
fogsig_TYPE_MISMATCH,,,,,,,,,,dsid_edtn,int32,int64
fogsig_TYPE_MISMATCH,,,,,,,,,,prim,int32,float64
fogsig_TYPE_MISMATCH,,,,,,,,,,scamax,float64,object
fogsig_TYPE_MISMATCH,,,,,,,,,,agen,int32,float64
fogsig_TYPE_MISMATCH,,,,,,,,,,catfog,int32,int64
fogsig_TYPE_MISMATCH,,,,,,,,,,rcid,int32,float64
fogsig_TYPE_MISMATCH,,,,,,,,,,scamin,int32,int64
fogsig_TYPE_MISMATCH,,,,,,,,,,grup,int32,float64
fogsig_TYPE_MISMATCH,,,,,,,,,,fidn,int32,float64
curent,29.0,37.0,28.0,9.0,1.0,12.0,False,"lnam_refs, usag, mask, name_rcnm, ornt, ffpt_rind, name_rcid, wkb_geometry, ogc_fid",geometry,,,
curent_TYPE_MISMATCH,,,,,,,,,,objl,int32,float64
curent_TYPE_MISMATCH,,,,,,,,,,fids,int32,float64
curent_TYPE_MISMATCH,,,,,,,,,,dsid_updn,int32,int64
curent_TYPE_MISMATCH,,,,,,,,,,rver,int32,float64
curent_TYPE_MISMATCH,,,,,,,,,,dsid_edtn,int32,int64
curent_TYPE_MISMATCH,,,,,,,,,,prim,int32,float64
curent_TYPE_MISMATCH,,,,,,,,,,scamax,float64,object
curent_TYPE_MISMATCH,,,,,,,,,,agen,int32,float64
curent_TYPE_MISMATCH,,,,,,,,,,rcid,int32,float64
curent_TYPE_MISMATCH,,,,,,,,,,scamin,int32,int64
curent_TYPE_MISMATCH,,,,,,,,,,grup,int32,float64
curent_TYPE_MISMATCH,,,,,,,,,,fidn,int32,float64
face,10.0,11.0,9.0,2.0,1.0,8.0,False,"wkb_geometry, ogc_fid",geometry,,,
face_TYPE_MISMATCH,,,,,,,,,,dsid_updn,int32,object
face_TYPE_MISMATCH,,,,,,,,,,ruin,int32,object
face_TYPE_MISMATCH,,,,,,,,,,posacc,float64,object
face_TYPE_MISMATCH,,,,,,,,,,rcnm,int32,object
face_TYPE_MISMATCH,,,,,,,,,,rver,int32,object
face_TYPE_MISMATCH,,,,,,,,,,quapos,int32,object
face_TYPE_MISMATCH,,,,,,,,,,rcid,int32,object
face_TYPE_MISMATCH,,,,,,,,,,dsid_edtn,int32,object
canals,32.0,41.0,31.0,10.0,1.0,17.0,False,"lnam_refs, usag, mask, name_rcnm, ornt, ffpt_rind, name_rcid, wkb_geometry, ogc_fid, status",geometry,,,
canals_TYPE_MISMATCH,,,,,,,,,,objl,int32,float64
canals_TYPE_MISMATCH,,,,,,,,,,fids,int32,float64
canals_TYPE_MISMATCH,,,,,,,,,,dsid_updn,int32,int64
canals_TYPE_MISMATCH,,,,,,,,,,rver,int32,float64
canals_TYPE_MISMATCH,,,,,,,,,,dsid_edtn,int32,int64
canals_TYPE_MISMATCH,,,,,,,,,,prim,int32,float64
canals_TYPE_MISMATCH,,,,,,,,,,scamax,float64,object
canals_TYPE_MISMATCH,,,,,,,,,,condtn,float64,object
canals_TYPE_MISMATCH,,,,,,,,,,horclr,float64,object
canals_TYPE_MISMATCH,,,,,,,,,,agen,int32,float64
canals_TYPE_MISMATCH,,,,,,,,,,horwid,float64,object
canals_TYPE_MISMATCH,,,,,,,,,,rcid,int32,float64
canals_TYPE_MISMATCH,,,,,,,,,,catcan,float64,object
canals_TYPE_MISMATCH,,,,,,,,,,horacc,float64,object
canals_TYPE_MISMATCH,,,,,,,,,,scamin,int32,int64
canals_TYPE_MISMATCH,,,,,,,,,,grup,int32,float64
canals_TYPE_MISMATCH,,,,,,,,,,fidn,int32,float64
slcons,40.0,52.0,39.0,13.0,1.0,22.0,False,"lnam_refs, usag, mask, name_rcnm, ornt, ffpt_rind, name_rcid, wkb_geometry, colour, ogc_fid, status, colpat, natcon",geometry,,,
slcons_TYPE_MISMATCH,,,,,,,,,,objl,int32,float64
slcons_TYPE_MISMATCH,,,,,,,,,,horlen,float64,object
slcons_TYPE_MISMATCH,,,,,,,,,,fids,int32,float64
slcons_TYPE_MISMATCH,,,,,,,,,,convis,float64,object
slcons_TYPE_MISMATCH,,,,,,,,,,dsid_updn,int32,int64
slcons_TYPE_MISMATCH,,,,,,,,,,rver,int32,float64
slcons_TYPE_MISMATCH,,,,,,,,,,conrad,float64,object
slcons_TYPE_MISMATCH,,,,,,,,,,veracc,float64,object
slcons_TYPE_MISMATCH,,,,,,,,,,prim,int32,float64
slcons_TYPE_MISMATCH,,,,,,,,,,dsid_edtn,int32,int64
slcons_TYPE_MISMATCH,,,,,,,,,,scamax,float64,object
slcons_TYPE_MISMATCH,,,,,,,,,,height,float64,object
slcons_TYPE_MISMATCH,,,,,,,,,,horclr,float64,object
slcons_TYPE_MISMATCH,,,,,,,,,,fidn,int32,float64
slcons_TYPE_MISMATCH,,,,,,,,,,agen,int32,float64
slcons_TYPE_MISMATCH,,,,,,,,,,horwid,float64,object
slcons_TYPE_MISMATCH,,,,,,,,,,rcid,int32,float64
slcons_TYPE_MISMATCH,,,,,,,,,,verlen,float64,object
slcons_TYPE_MISMATCH,,,,,,,,,,horacc,float64,object
slcons_TYPE_MISMATCH,,,,,,,,,,scamin,float64,object
slcons_TYPE_MISMATCH,,,,,,,,,,grup,int32,float64
slcons_TYPE_MISMATCH,,,,,,,,,,verdat,float64,object
cgusta,29.0,38.0,28.0,10.0,1.0,12.0,False,"lnam_refs, usag, mask, name_rcnm, ornt, ffpt_rind, name_rcid, wkb_geometry, ogc_fid, status",geometry,,,
cgusta_TYPE_MISMATCH,,,,,,,,,,objl,int32,float64
cgusta_TYPE_MISMATCH,,,,,,,,,,fids,int32,float64
cgusta_TYPE_MISMATCH,,,,,,,,,,dsid_updn,int32,int64
cgusta_TYPE_MISMATCH,,,,,,,,,,rver,int32,float64
cgusta_TYPE_MISMATCH,,,,,,,,,,dsid_edtn,int32,int64
cgusta_TYPE_MISMATCH,,,,,,,,,,prim,int32,float64
cgusta_TYPE_MISMATCH,,,,,,,,,,scamax,float64,object
cgusta_TYPE_MISMATCH,,,,,,,,,,agen,int32,float64
cgusta_TYPE_MISMATCH,,,,,,,,,,rcid,int32,float64
cgusta_TYPE_MISMATCH,,,,,,,,,,scamin,int32,int64
cgusta_TYPE_MISMATCH,,,,,,,,,,grup,int32,float64
cgusta_TYPE_MISMATCH,,,,,,,,,,fidn,int32,float64
slotop,31.0,43.0,30.0,13.0,1.0,18.0,False,"lnam_refs, usag, mask, name_rcnm, natsur, ffpt_rind, ornt, name_rcid, wkb_geometry, colour, ogc_fid, natqua, natcon",geometry,,,
slotop_TYPE_MISMATCH,,,,,,,,,,objl,int32,float64
slotop_TYPE_MISMATCH,,,,,,,,,,catslo,int32,int64
slotop_TYPE_MISMATCH,,,,,,,,,,fids,int32,float64
slotop_TYPE_MISMATCH,,,,,,,,,,dsid_updn,int32,int64
slotop_TYPE_MISMATCH,,,,,,,,,,convis,float64,object
slotop_TYPE_MISMATCH,,,,,,,,,,elevat,float64,object
slotop_TYPE_MISMATCH,,,,,,,,,,rver,int32,float64
slotop_TYPE_MISMATCH,,,,,,,,,,conrad,float64,object
slotop_TYPE_MISMATCH,,,,,,,,,,veracc,float64,object
slotop_TYPE_MISMATCH,,,,,,,,,,prim,int32,float64
slotop_TYPE_MISMATCH,,,,,,,,,,dsid_edtn,int32,int64
slotop_TYPE_MISMATCH,,,,,,,,,,scamax,float64,object
slotop_TYPE_MISMATCH,,,,,,,,,,fidn,int32,float64
slotop_TYPE_MISMATCH,,,,,,,,,,agen,int32,float64
slotop_TYPE_MISMATCH,,,,,,,,,,rcid,int32,float64
slotop_TYPE_MISMATCH,,,,,,,,,,scamin,int32,int64
slotop_TYPE_MISMATCH,,,,,,,,,,grup,int32,float64
slotop_TYPE_MISMATCH,,,,,,,,,,verdat,float64,object
lakare,28.0,36.0,27.0,9.0,1.0,15.0,False,"lnam_refs, usag, mask, name_rcnm, ornt, ffpt_rind, name_rcid, wkb_geometry, ogc_fid",geometry,,,
lakare_TYPE_MISMATCH,,,,,,,,,,objl,int32,float64
lakare_TYPE_MISMATCH,,,,,,,,,,fids,int32,float64
lakare_TYPE_MISMATCH,,,,,,,,,,dsid_updn,int32,int64
lakare_TYPE_MISMATCH,,,,,,,,,,elevat,float64,object
lakare_TYPE_MISMATCH,,,,,,,,,,rver,int32,float64
lakare_TYPE_MISMATCH,,,,,,,,,,veracc,float64,object
lakare_TYPE_MISMATCH,,,,,,,,,,prim,int32,float64
lakare_TYPE_MISMATCH,,,,,,,,,,dsid_edtn,int32,int64
lakare_TYPE_MISMATCH,,,,,,,,,,scamax,float64,object
lakare_TYPE_MISMATCH,,,,,,,,,,fidn,int32,float64
lakare_TYPE_MISMATCH,,,,,,,,,,agen,int32,float64
lakare_TYPE_MISMATCH,,,,,,,,,,rcid,int32,float64
lakare_TYPE_MISMATCH,,,,,,,,,,scamin,int32,int64
lakare_TYPE_MISMATCH,,,,,,,,,,grup,int32,float64
lakare_TYPE_MISMATCH,,,,,,,,,,verdat,float64,object
wattur,26.0,34.0,25.0,9.0,1.0,13.0,False,"lnam_refs, usag, mask, name_rcnm, ornt, ffpt_rind, name_rcid, wkb_geometry, ogc_fid",geometry,,,
wattur_TYPE_MISMATCH,,,,,,,,,,objl,int32,float64
wattur_TYPE_MISMATCH,,,,,,,,,,fids,int32,float64
wattur_TYPE_MISMATCH,,,,,,,,,,dsid_updn,int32,int64
wattur_TYPE_MISMATCH,,,,,,,,,,rver,int32,float64
wattur_TYPE_MISMATCH,,,,,,,,,,dsid_edtn,int32,int64
wattur_TYPE_MISMATCH,,,,,,,,,,prim,int32,float64
wattur_TYPE_MISMATCH,,,,,,,,,,scamax,float64,object
wattur_TYPE_MISMATCH,,,,,,,,,,agen,int32,float64
wattur_TYPE_MISMATCH,,,,,,,,,,rcid,int32,float64
wattur_TYPE_MISMATCH,,,,,,,,,,catwat,int32,int64
wattur_TYPE_MISMATCH,,,,,,,,,,scamin,int32,int64
wattur_TYPE_MISMATCH,,,,,,,,,,grup,int32,float64
wattur_TYPE_MISMATCH,,,,,,,,,,fidn,int32,float64
slogrd,28.0,40.0,27.0,13.0,1.0,15.0,False,"lnam_refs, usag, mask, name_rcnm, natsur, ffpt_rind, ornt, name_rcid, wkb_geometry, colour, ogc_fid, natqua, natcon",geometry,,,
slogrd_TYPE_MISMATCH,,,,,,,,,,objl,int32,float64
slogrd_TYPE_MISMATCH,,,,,,,,,,catslo,int32,int64
slogrd_TYPE_MISMATCH,,,,,,,,,,fids,int32,float64
slogrd_TYPE_MISMATCH,,,,,,,,,,dsid_updn,int32,int64
slogrd_TYPE_MISMATCH,,,,,,,,,,convis,float64,object
slogrd_TYPE_MISMATCH,,,,,,,,,,rver,int32,float64
slogrd_TYPE_MISMATCH,,,,,,,,,,conrad,float64,object
slogrd_TYPE_MISMATCH,,,,,,,,,,dsid_edtn,int32,int64
slogrd_TYPE_MISMATCH,,,,,,,,,,prim,int32,float64
slogrd_TYPE_MISMATCH,,,,,,,,,,scamax,float64,object
slogrd_TYPE_MISMATCH,,,,,,,,,,agen,int32,float64
slogrd_TYPE_MISMATCH,,,,,,,,,,rcid,int32,float64
slogrd_TYPE_MISMATCH,,,,,,,,,,scamin,int32,int64
slogrd_TYPE_MISMATCH,,,,,,,,,,grup,int32,float64
slogrd_TYPE_MISMATCH,,,,,,,,,,fidn,int32,float64
lndare,26.0,35.0,25.0,10.0,1.0,13.0,False,"lnam_refs, usag, mask, name_rcnm, ornt, ffpt_rind, name_rcid, wkb_geometry, ogc_fid, status",geometry,,,
lndare_TYPE_MISMATCH,,,,,,,,,,objl,int32,float64
lndare_TYPE_MISMATCH,,,,,,,,,,fids,int32,float64
lndare_TYPE_MISMATCH,,,,,,,,,,dsid_updn,int32,int64
lndare_TYPE_MISMATCH,,,,,,,,,,rver,int32,float64
lndare_TYPE_MISMATCH,,,,,,,,,,dsid_edtn,int32,int64
lndare_TYPE_MISMATCH,,,,,,,,,,prim,int32,float64
lndare_TYPE_MISMATCH,,,,,,,,,,scamax,float64,object
lndare_TYPE_MISMATCH,,,,,,,,,,condtn,float64,object
lndare_TYPE_MISMATCH,,,,,,,,,,agen,int32,float64
lndare_TYPE_MISMATCH,,,,,,,,,,rcid,int32,float64
lndare_TYPE_MISMATCH,,,,,,,,,,scamin,float64,object
lndare_TYPE_MISMATCH,,,,,,,,,,grup,int32,float64
lndare_TYPE_MISMATCH,,,,,,,,,,fidn,int32,float64
pipare,28.0,40.0,27.0,13.0,1.0,13.0,False,"lnam_refs, usag, mask, catpip, name_rcnm, prodct, ornt, ffpt_rind, name_rcid, wkb_geometry, ogc_fid, status, restrn",geometry,,,
pipare_TYPE_MISMATCH,,,,,,,,,,objl,int32,float64
pipare_TYPE_MISMATCH,,,,,,,,,,fids,int32,float64
pipare_TYPE_MISMATCH,,,,,,,,,,dsid_updn,int32,int64
pipare_TYPE_MISMATCH,,,,,,,,,,rver,int32,float64
pipare_TYPE_MISMATCH,,,,,,,,,,dsid_edtn,int32,int64
pipare_TYPE_MISMATCH,,,,,,,,,,prim,int32,float64
pipare_TYPE_MISMATCH,,,,,,,,,,scamax,float64,object
pipare_TYPE_MISMATCH,,,,,,,,,,condtn,float64,object
pipare_TYPE_MISMATCH,,,,,,,,,,agen,int32,float64
pipare_TYPE_MISMATCH,,,,,,,,,,rcid,int32,float64
pipare_TYPE_MISMATCH,,,,,,,,,,scamin,int32,int64
pipare_TYPE_MISMATCH,,,,,,,,,,grup,int32,float64
pipare_TYPE_MISMATCH,,,,,,,,,,fidn,int32,float64
depare,27.0,36.0,26.0,10.0,1.0,14.0,False,"lnam_refs, usag, mask, name_rcnm, ornt, ffpt_rind, name_rcid, wkb_geometry, ogc_fid, quasou",geometry,,,
depare_TYPE_MISMATCH,,,,,,,,,,objl,int32,float64
depare_TYPE_MISMATCH,,,,,,,,,,fids,int32,float64
depare_TYPE_MISMATCH,,,,,,,,,,dsid_updn,int32,int64
depare_TYPE_MISMATCH,,,,,,,,,,rver,int32,float64
depare_TYPE_MISMATCH,,,,,,,,,,prim,int32,float64
depare_TYPE_MISMATCH,,,,,,,,,,dsid_edtn,int32,int64
depare_TYPE_MISMATCH,,,,,,,,,,scamax,float64,object
depare_TYPE_MISMATCH,,,,,,,,,,fidn,int32,float64
depare_TYPE_MISMATCH,,,,,,,,,,agen,int32,float64
depare_TYPE_MISMATCH,,,,,,,,,,rcid,int32,float64
depare_TYPE_MISMATCH,,,,,,,,,,scamin,float64,object
depare_TYPE_MISMATCH,,,,,,,,,,grup,int32,float64
depare_TYPE_MISMATCH,,,,,,,,,,souacc,float64,object
depare_TYPE_MISMATCH,,,,,,,,,,verdat,float64,object
mipare,29.0,40.0,28.0,12.0,1.0,12.0,False,"lnam_refs, usag, mask, name_rcnm, status, ornt, ffpt_rind, name_rcid, wkb_geometry, ogc_fid, catmpa, restrn",geometry,,,
mipare_TYPE_MISMATCH,,,,,,,,,,objl,int32,float64
mipare_TYPE_MISMATCH,,,,,,,,,,fids,int32,float64
mipare_TYPE_MISMATCH,,,,,,,,,,dsid_updn,int32,int64
mipare_TYPE_MISMATCH,,,,,,,,,,rver,int32,float64
mipare_TYPE_MISMATCH,,,,,,,,,,dsid_edtn,int32,int64
mipare_TYPE_MISMATCH,,,,,,,,,,prim,int32,float64
mipare_TYPE_MISMATCH,,,,,,,,,,scamax,float64,object
mipare_TYPE_MISMATCH,,,,,,,,,,agen,int32,float64
mipare_TYPE_MISMATCH,,,,,,,,,,rcid,int32,float64
mipare_TYPE_MISMATCH,,,,,,,,,,scamin,int32,int64
mipare_TYPE_MISMATCH,,,,,,,,,,grup,int32,float64
mipare_TYPE_MISMATCH,,,,,,,,,,fidn,int32,float64
m_nsys,25.0,33.0,24.0,9.0,1.0,14.0,False,"lnam_refs, usag, mask, name_rcnm, ornt, ffpt_rind, name_rcid, wkb_geometry, ogc_fid",geometry,,,
m_nsys_TYPE_MISMATCH,,,,,,,,,,objl,int32,float64
m_nsys_TYPE_MISMATCH,,,,,,,,,,fids,int32,float64
m_nsys_TYPE_MISMATCH,,,,,,,,,,dsid_updn,int32,int64
m_nsys_TYPE_MISMATCH,,,,,,,,,,orient,float64,object
m_nsys_TYPE_MISMATCH,,,,,,,,,,rver,int32,float64
m_nsys_TYPE_MISMATCH,,,,,,,,,,dsid_edtn,int32,int64
m_nsys_TYPE_MISMATCH,,,,,,,,,,prim,int32,float64
m_nsys_TYPE_MISMATCH,,,,,,,,,,scamax,float64,object
m_nsys_TYPE_MISMATCH,,,,,,,,,,agen,int32,float64
m_nsys_TYPE_MISMATCH,,,,,,,,,,rcid,int32,float64
m_nsys_TYPE_MISMATCH,,,,,,,,,,marsys,int32,int64
m_nsys_TYPE_MISMATCH,,,,,,,,,,scamin,float64,object
m_nsys_TYPE_MISMATCH,,,,,,,,,,grup,int32,float64
m_nsys_TYPE_MISMATCH,,,,,,,,,,fidn,int32,float64
rtpbcn,36.0,45.0,35.0,10.0,1.0,16.0,False,"lnam_refs, usag, mask, name_rcnm, ornt, ffpt_rind, name_rcid, wkb_geometry, ogc_fid, status",geometry,,,
rtpbcn_TYPE_MISMATCH,,,,,,,,,,objl,int32,float64
rtpbcn_TYPE_MISMATCH,,,,,,,,,,catrtb,int32,int64
rtpbcn_TYPE_MISMATCH,,,,,,,,,,fids,int32,float64
rtpbcn_TYPE_MISMATCH,,,,,,,,,,sectr1,float64,object
rtpbcn_TYPE_MISMATCH,,,,,,,,,,dsid_updn,int32,int64
rtpbcn_TYPE_MISMATCH,,,,,,,,,,valmxr,float64,object
rtpbcn_TYPE_MISMATCH,,,,,,,,,,rver,int32,float64
rtpbcn_TYPE_MISMATCH,,,,,,,,,,dsid_edtn,int32,int64
rtpbcn_TYPE_MISMATCH,,,,,,,,,,prim,int32,float64
rtpbcn_TYPE_MISMATCH,,,,,,,,,,scamax,float64,object
rtpbcn_TYPE_MISMATCH,,,,,,,,,,agen,int32,float64
rtpbcn_TYPE_MISMATCH,,,,,,,,,,rcid,int32,float64
rtpbcn_TYPE_MISMATCH,,,,,,,,,,sectr2,float64,object
rtpbcn_TYPE_MISMATCH,,,,,,,,,,scamin,int32,int64
rtpbcn_TYPE_MISMATCH,,,,,,,,,,grup,int32,float64
rtpbcn_TYPE_MISMATCH,,,,,,,,,,fidn,int32,float64
bcnlat,41.0,53.0,40.0,13.0,1.0,21.0,False,"lnam_refs, usag, mask, name_rcnm, ornt, ffpt_rind, name_rcid, wkb_geometry, colour, ogc_fid, status, colpat, natcon",geometry,,,
bcnlat_TYPE_MISMATCH,,,,,,,,,,objl,int32,float64
bcnlat_TYPE_MISMATCH,,,,,,,,,,fids,int32,float64
bcnlat_TYPE_MISMATCH,,,,,,,,,,convis,float64,object
bcnlat_TYPE_MISMATCH,,,,,,,,,,dsid_updn,int32,int64
bcnlat_TYPE_MISMATCH,,,,,,,,,,elevat,float64,object
bcnlat_TYPE_MISMATCH,,,,,,,,,,rver,int32,float64
bcnlat_TYPE_MISMATCH,,,,,,,,,,veracc,float64,object
bcnlat_TYPE_MISMATCH,,,,,,,,,,catlam,int32,int64
bcnlat_TYPE_MISMATCH,,,,,,,,,,prim,int32,float64
bcnlat_TYPE_MISMATCH,,,,,,,,,,dsid_edtn,int32,int64
bcnlat_TYPE_MISMATCH,,,,,,,,,,scamax,float64,object
bcnlat_TYPE_MISMATCH,,,,,,,,,,condtn,float64,object
bcnlat_TYPE_MISMATCH,,,,,,,,,,fidn,int32,float64
bcnlat_TYPE_MISMATCH,,,,,,,,,,agen,int32,float64
bcnlat_TYPE_MISMATCH,,,,,,,,,,bcnshp,int32,int64
bcnlat_TYPE_MISMATCH,,,,,,,,,,rcid,int32,float64
bcnlat_TYPE_MISMATCH,,,,,,,,,,verlen,float64,object
bcnlat_TYPE_MISMATCH,,,,,,,,,,marsys,float64,object
bcnlat_TYPE_MISMATCH,,,,,,,,,,scamin,int32,int64
bcnlat_TYPE_MISMATCH,,,,,,,,,,grup,int32,float64
bcnlat_TYPE_MISMATCH,,,,,,,,,,verdat,float64,object
siltnk,36.0,49.0,35.0,14.0,1.0,20.0,False,"lnam_refs, usag, mask, name_rcnm, prodct, ornt, ffpt_rind, name_rcid, wkb_geometry, colour, ogc_fid, status, colpat, natcon",geometry,,,
siltnk_TYPE_MISMATCH,,,,,,,,,,objl,int32,float64
siltnk_TYPE_MISMATCH,,,,,,,,,,fids,int32,float64
siltnk_TYPE_MISMATCH,,,,,,,,,,dsid_updn,int32,int64
siltnk_TYPE_MISMATCH,,,,,,,,,,elevat,float64,object
siltnk_TYPE_MISMATCH,,,,,,,,,,rver,int32,float64
siltnk_TYPE_MISMATCH,,,,,,,,,,catsil,int32,int64
siltnk_TYPE_MISMATCH,,,,,,,,,,conrad,float64,object
siltnk_TYPE_MISMATCH,,,,,,,,,,veracc,float64,object
siltnk_TYPE_MISMATCH,,,,,,,,,,prim,int32,float64
siltnk_TYPE_MISMATCH,,,,,,,,,,dsid_edtn,int32,int64
siltnk_TYPE_MISMATCH,,,,,,,,,,scamax,float64,object
siltnk_TYPE_MISMATCH,,,,,,,,,,condtn,float64,object
siltnk_TYPE_MISMATCH,,,,,,,,,,height,float64,object
siltnk_TYPE_MISMATCH,,,,,,,,,,fidn,int32,float64
siltnk_TYPE_MISMATCH,,,,,,,,,,agen,int32,float64
siltnk_TYPE_MISMATCH,,,,,,,,,,rcid,int32,float64
siltnk_TYPE_MISMATCH,,,,,,,,,,scamin,int32,int64
siltnk_TYPE_MISMATCH,,,,,,,,,,grup,int32,float64
siltnk_TYPE_MISMATCH,,,,,,,,,,verdat,float64,object
siltnk_TYPE_MISMATCH,,,,,,,,,,buishp,float64,object
airare,28.0,38.0,27.0,11.0,1.0,14.0,False,"lnam_refs, usag, mask, name_rcnm, status, ornt, ffpt_rind, name_rcid, wkb_geometry, ogc_fid, catair",geometry,,,
airare_TYPE_MISMATCH,,,,,,,,,,objl,int32,float64
airare_TYPE_MISMATCH,,,,,,,,,,fids,int32,float64
airare_TYPE_MISMATCH,,,,,,,,,,dsid_updn,int32,int64
airare_TYPE_MISMATCH,,,,,,,,,,convis,float64,object
airare_TYPE_MISMATCH,,,,,,,,,,rver,int32,float64
airare_TYPE_MISMATCH,,,,,,,,,,dsid_edtn,int32,int64
airare_TYPE_MISMATCH,,,,,,,,,,prim,int32,float64
airare_TYPE_MISMATCH,,,,,,,,,,scamax,float64,object
airare_TYPE_MISMATCH,,,,,,,,,,condtn,float64,object
airare_TYPE_MISMATCH,,,,,,,,,,agen,int32,float64
airare_TYPE_MISMATCH,,,,,,,,,,rcid,int32,float64
airare_TYPE_MISMATCH,,,,,,,,,,scamin,int32,int64
airare_TYPE_MISMATCH,,,,,,,,,,grup,int32,float64
airare_TYPE_MISMATCH,,,,,,,,,,fidn,int32,float64
admare,28.0,36.0,27.0,9.0,1.0,13.0,False,"lnam_refs, usag, mask, name_rcnm, ornt, ffpt_rind, name_rcid, wkb_geometry, ogc_fid",geometry,,,
admare_TYPE_MISMATCH,,,,,,,,,,jrsdtn,int32,int64
admare_TYPE_MISMATCH,,,,,,,,,,objl,int32,float64
admare_TYPE_MISMATCH,,,,,,,,,,fids,int32,float64
admare_TYPE_MISMATCH,,,,,,,,,,dsid_updn,int32,int64
admare_TYPE_MISMATCH,,,,,,,,,,rver,int32,float64
admare_TYPE_MISMATCH,,,,,,,,,,dsid_edtn,int32,int64
admare_TYPE_MISMATCH,,,,,,,,,,prim,int32,float64
admare_TYPE_MISMATCH,,,,,,,,,,scamax,float64,object
admare_TYPE_MISMATCH,,,,,,,,,,agen,int32,float64
admare_TYPE_MISMATCH,,,,,,,,,,rcid,int32,float64
admare_TYPE_MISMATCH,,,,,,,,,,scamin,int32,int64
admare_TYPE_MISMATCH,,,,,,,,,,grup,int32,float64
admare_TYPE_MISMATCH,,,,,,,,,,fidn,int32,float64
marcul,37.0,48.0,36.0,12.0,1.0,20.0,False,"lnam_refs, usag, mask, name_rcnm, status, ornt, ffpt_rind, name_rcid, wkb_geometry, ogc_fid, quasou, restrn",geometry,,,
marcul_TYPE_MISMATCH,,,,,,,,,,objl,int32,float64
marcul_TYPE_MISMATCH,,,,,,,,,,fids,int32,float64
marcul_TYPE_MISMATCH,,,,,,,,,,dsid_updn,int32,int64
marcul_TYPE_MISMATCH,,,,,,,,,,watlev,int32,int64
marcul_TYPE_MISMATCH,,,,,,,,,,rver,int32,float64
marcul_TYPE_MISMATCH,,,,,,,,,,veracc,float64,object
marcul_TYPE_MISMATCH,,,,,,,,,,prim,int32,float64
marcul_TYPE_MISMATCH,,,,,,,,,,dsid_edtn,int32,int64
marcul_TYPE_MISMATCH,,,,,,,,,,valsou,float64,object
marcul_TYPE_MISMATCH,,,,,,,,,,scamax,float64,object
marcul_TYPE_MISMATCH,,,,,,,,,,catmfa,int32,int64
marcul_TYPE_MISMATCH,,,,,,,,,,fidn,int32,float64
marcul_TYPE_MISMATCH,,,,,,,,,,expsou,int32,int64
marcul_TYPE_MISMATCH,,,,,,,,,,agen,int32,float64
marcul_TYPE_MISMATCH,,,,,,,,,,rcid,int32,float64
marcul_TYPE_MISMATCH,,,,,,,,,,verlen,float64,object
marcul_TYPE_MISMATCH,,,,,,,,,,scamin,int32,int64
marcul_TYPE_MISMATCH,,,,,,,,,,grup,int32,float64
marcul_TYPE_MISMATCH,,,,,,,,,,souacc,float64,object
marcul_TYPE_MISMATCH,,,,,,,,,,verdat,float64,object
rivers,25.0,34.0,24.0,10.0,1.0,12.0,False,"lnam_refs, usag, mask, name_rcnm, ornt, ffpt_rind, name_rcid, wkb_geometry, ogc_fid, status",geometry,,,
rivers_TYPE_MISMATCH,,,,,,,,,,objl,int32,float64
rivers_TYPE_MISMATCH,,,,,,,,,,fids,int32,float64
rivers_TYPE_MISMATCH,,,,,,,,,,dsid_updn,int32,int64
rivers_TYPE_MISMATCH,,,,,,,,,,rver,int32,float64
rivers_TYPE_MISMATCH,,,,,,,,,,dsid_edtn,int32,int64
rivers_TYPE_MISMATCH,,,,,,,,,,prim,int32,float64
rivers_TYPE_MISMATCH,,,,,,,,,,scamax,float64,object
rivers_TYPE_MISMATCH,,,,,,,,,,agen,int32,float64
rivers_TYPE_MISMATCH,,,,,,,,,,rcid,int32,float64
rivers_TYPE_MISMATCH,,,,,,,,,,scamin,int32,int64
rivers_TYPE_MISMATCH,,,,,,,,,,grup,int32,float64
rivers_TYPE_MISMATCH,,,,,,,,,,fidn,int32,float64
m_qual,30.0,39.0,29.0,10.0,1.0,17.0,False,"lnam_refs, usag, tecsou, mask, name_rcnm, ornt, ffpt_rind, name_rcid, wkb_geometry, ogc_fid",geometry,,,
m_qual_TYPE_MISMATCH,,,,,,,,,,objl,int32,float64
m_qual_TYPE_MISMATCH,,,,,,,,,,fids,int32,float64
m_qual_TYPE_MISMATCH,,,,,,,,,,drval2,float64,object
m_qual_TYPE_MISMATCH,,,,,,,,,,dsid_updn,int32,int64
m_qual_TYPE_MISMATCH,,,,,,,,,,catqua,float64,object
m_qual_TYPE_MISMATCH,,,,,,,,,,rver,int32,float64
m_qual_TYPE_MISMATCH,,,,,,,,,,prim,int32,float64
m_qual_TYPE_MISMATCH,,,,,,,,,,dsid_edtn,int32,int64
m_qual_TYPE_MISMATCH,,,,,,,,,,fidn,int32,float64
m_qual_TYPE_MISMATCH,,,,,,,,,,drval1,float64,object
m_qual_TYPE_MISMATCH,,,,,,,,,,agen,int32,float64
m_qual_TYPE_MISMATCH,,,,,,,,,,rcid,int32,float64
m_qual_TYPE_MISMATCH,,,,,,,,,,catzoc,int32,int64
m_qual_TYPE_MISMATCH,,,,,,,,,,posacc,float64,object
m_qual_TYPE_MISMATCH,,,,,,,,,,grup,int32,float64
m_qual_TYPE_MISMATCH,,,,,,,,,,souacc,float64,object
m_qual_TYPE_MISMATCH,,,,,,,,,,verdat,float64,object
cblohd,36.0,45.0,35.0,10.0,1.0,21.0,False,"lnam_refs, usag, mask, name_rcnm, ornt, ffpt_rind, name_rcid, wkb_geometry, ogc_fid, status",geometry,,,
cblohd_TYPE_MISMATCH,,,,,,,,,,objl,int32,float64
cblohd_TYPE_MISMATCH,,,,,,,,,,fids,int32,float64
cblohd_TYPE_MISMATCH,,,,,,,,,,convis,float64,object
cblohd_TYPE_MISMATCH,,,,,,,,,,dsid_updn,int32,int64
cblohd_TYPE_MISMATCH,,,,,,,,,,rver,int32,float64
cblohd_TYPE_MISMATCH,,,,,,,,,,catcbl,int32,int64
cblohd_TYPE_MISMATCH,,,,,,,,,,conrad,float64,object
cblohd_TYPE_MISMATCH,,,,,,,,,,veracc,float64,object
cblohd_TYPE_MISMATCH,,,,,,,,,,prim,int32,float64
cblohd_TYPE_MISMATCH,,,,,,,,,,dsid_edtn,int32,int64
cblohd_TYPE_MISMATCH,,,,,,,,,,scamax,float64,object
cblohd_TYPE_MISMATCH,,,,,,,,,,condtn,float64,object
cblohd_TYPE_MISMATCH,,,,,,,,,,fidn,int32,float64
cblohd_TYPE_MISMATCH,,,,,,,,,,icefac,float64,object
cblohd_TYPE_MISMATCH,,,,,,,,,,verclr,float64,object
cblohd_TYPE_MISMATCH,,,,,,,,,,agen,int32,float64
cblohd_TYPE_MISMATCH,,,,,,,,,,vercsa,float64,object
cblohd_TYPE_MISMATCH,,,,,,,,,,rcid,int32,float64
cblohd_TYPE_MISMATCH,,,,,,,,,,scamin,int32,int64
cblohd_TYPE_MISMATCH,,,,,,,,,,grup,int32,float64
cblohd_TYPE_MISMATCH,,,,,,,,,,verdat,float64,object
ofsplf,35.0,49.0,34.0,15.0,1.0,19.0,False,"lnam_refs, usag, mask, catofp, name_rcnm, prodct, ornt, ffpt_rind, name_rcid, wkb_geometry, colour, ogc_fid, status, colpat, natcon",geometry,,,
ofsplf_TYPE_MISMATCH,,,,,,,,,,objl,int32,float64
ofsplf_TYPE_MISMATCH,,,,,,,,,,fids,int32,float64
ofsplf_TYPE_MISMATCH,,,,,,,,,,convis,float64,object
ofsplf_TYPE_MISMATCH,,,,,,,,,,dsid_updn,int32,int64
ofsplf_TYPE_MISMATCH,,,,,,,,,,rver,int32,float64
ofsplf_TYPE_MISMATCH,,,,,,,,,,conrad,float64,object
ofsplf_TYPE_MISMATCH,,,,,,,,,,veracc,float64,object
ofsplf_TYPE_MISMATCH,,,,,,,,,,prim,int32,float64
ofsplf_TYPE_MISMATCH,,,,,,,,,,dsid_edtn,int32,int64
ofsplf_TYPE_MISMATCH,,,,,,,,,,scamax,float64,object
ofsplf_TYPE_MISMATCH,,,,,,,,,,condtn,float64,object
ofsplf_TYPE_MISMATCH,,,,,,,,,,height,float64,object
ofsplf_TYPE_MISMATCH,,,,,,,,,,fidn,int32,float64
ofsplf_TYPE_MISMATCH,,,,,,,,,,agen,int32,float64
ofsplf_TYPE_MISMATCH,,,,,,,,,,rcid,int32,float64
ofsplf_TYPE_MISMATCH,,,,,,,,,,verlen,float64,object
ofsplf_TYPE_MISMATCH,,,,,,,,,,scamin,int32,int64
ofsplf_TYPE_MISMATCH,,,,,,,,,,grup,int32,float64
ofsplf_TYPE_MISMATCH,,,,,,,,,,verdat,float64,object
achare,29.0,40.0,28.0,12.0,1.0,12.0,False,"lnam_refs, usag, mask, name_rcnm, ornt, ffpt_rind, name_rcid, wkb_geometry, ogc_fid, catach, status, restrn",geometry,,,
achare_TYPE_MISMATCH,,,,,,,,,,objl,int32,float64
achare_TYPE_MISMATCH,,,,,,,,,,fids,int32,float64
achare_TYPE_MISMATCH,,,,,,,,,,dsid_updn,int32,int64
achare_TYPE_MISMATCH,,,,,,,,,,rver,int32,float64
achare_TYPE_MISMATCH,,,,,,,,,,dsid_edtn,int32,int64
achare_TYPE_MISMATCH,,,,,,,,,,prim,int32,float64
achare_TYPE_MISMATCH,,,,,,,,,,scamax,float64,object
achare_TYPE_MISMATCH,,,,,,,,,,agen,int32,float64
achare_TYPE_MISMATCH,,,,,,,,,,rcid,int32,float64
achare_TYPE_MISMATCH,,,,,,,,,,scamin,int32,int64
achare_TYPE_MISMATCH,,,,,,,,,,grup,int32,float64
achare_TYPE_MISMATCH,,,,,,,,,,fidn,int32,float64
tsezne,26.0,35.0,25.0,10.0,1.0,13.0,False,"lnam_refs, usag, mask, name_rcnm, ornt, ffpt_rind, name_rcid, wkb_geometry, ogc_fid, status",geometry,,,
tsezne_TYPE_MISMATCH,,,,,,,,,,cattss,int32,int64
tsezne_TYPE_MISMATCH,,,,,,,,,,objl,int32,float64
tsezne_TYPE_MISMATCH,,,,,,,,,,fids,int32,float64
tsezne_TYPE_MISMATCH,,,,,,,,,,dsid_updn,int32,int64
tsezne_TYPE_MISMATCH,,,,,,,,,,rver,int32,float64
tsezne_TYPE_MISMATCH,,,,,,,,,,dsid_edtn,int32,int64
tsezne_TYPE_MISMATCH,,,,,,,,,,prim,int32,float64
tsezne_TYPE_MISMATCH,,,,,,,,,,scamax,float64,object
tsezne_TYPE_MISMATCH,,,,,,,,,,agen,int32,float64
tsezne_TYPE_MISMATCH,,,,,,,,,,rcid,int32,float64
tsezne_TYPE_MISMATCH,,,,,,,,,,scamin,float64,object
tsezne_TYPE_MISMATCH,,,,,,,,,,grup,int32,float64
tsezne_TYPE_MISMATCH,,,,,,,,,,fidn,int32,float64
tsslpt,27.0,37.0,26.0,11.0,1.0,13.0,False,"lnam_refs, usag, mask, name_rcnm, ornt, ffpt_rind, name_rcid, wkb_geometry, ogc_fid, status, restrn",geometry,,,
tsslpt_TYPE_MISMATCH,,,,,,,,,,cattss,int32,int64
tsslpt_TYPE_MISMATCH,,,,,,,,,,objl,int32,float64
tsslpt_TYPE_MISMATCH,,,,,,,,,,fids,int32,float64
tsslpt_TYPE_MISMATCH,,,,,,,,,,dsid_updn,int32,int64
tsslpt_TYPE_MISMATCH,,,,,,,,,,rver,int32,float64
tsslpt_TYPE_MISMATCH,,,,,,,,,,dsid_edtn,int32,int64
tsslpt_TYPE_MISMATCH,,,,,,,,,,prim,int32,float64
tsslpt_TYPE_MISMATCH,,,,,,,,,,scamax,float64,object
tsslpt_TYPE_MISMATCH,,,,,,,,,,agen,int32,float64
tsslpt_TYPE_MISMATCH,,,,,,,,,,rcid,int32,float64
tsslpt_TYPE_MISMATCH,,,,,,,,,,scamin,float64,object
tsslpt_TYPE_MISMATCH,,,,,,,,,,grup,int32,float64
tsslpt_TYPE_MISMATCH,,,,,,,,,,fidn,int32,float64
bcnspp,40.0,53.0,39.0,14.0,1.0,17.0,False,"lnam_refs, usag, mask, name_rcnm, ornt, ffpt_rind, name_rcid, wkb_geometry, colour, ogc_fid, status, colpat, natcon, catspm",geometry,,,
bcnspp_TYPE_MISMATCH,,,,,,,,,,objl,int32,float64
bcnspp_TYPE_MISMATCH,,,,,,,,,,fids,int32,float64
bcnspp_TYPE_MISMATCH,,,,,,,,,,dsid_updn,int32,int64
bcnspp_TYPE_MISMATCH,,,,,,,,,,rver,int32,float64
bcnspp_TYPE_MISMATCH,,,,,,,,,,conrad,float64,object
bcnspp_TYPE_MISMATCH,,,,,,,,,,veracc,float64,object
bcnspp_TYPE_MISMATCH,,,,,,,,,,prim,int32,float64
bcnspp_TYPE_MISMATCH,,,,,,,,,,dsid_edtn,int32,int64
bcnspp_TYPE_MISMATCH,,,,,,,,,,scamax,float64,object
bcnspp_TYPE_MISMATCH,,,,,,,,,,condtn,float64,object
bcnspp_TYPE_MISMATCH,,,,,,,,,,fidn,int32,float64
bcnspp_TYPE_MISMATCH,,,,,,,,,,agen,int32,float64
bcnspp_TYPE_MISMATCH,,,,,,,,,,rcid,int32,float64
bcnspp_TYPE_MISMATCH,,,,,,,,,,marsys,float64,object
bcnspp_TYPE_MISMATCH,,,,,,,,,,scamin,int32,int64
bcnspp_TYPE_MISMATCH,,,,,,,,,,grup,int32,float64
bcnspp_TYPE_MISMATCH,,,,,,,,,,verdat,float64,object
pilbop,33.0,42.0,32.0,10.0,1.0,12.0,False,"lnam_refs, usag, mask, name_rcnm, ornt, ffpt_rind, name_rcid, wkb_geometry, ogc_fid, status",geometry,,,
pilbop_TYPE_MISMATCH,,,,,,,,,,objl,int32,float64
pilbop_TYPE_MISMATCH,,,,,,,,,,fids,int32,float64
pilbop_TYPE_MISMATCH,,,,,,,,,,dsid_updn,int32,int64
pilbop_TYPE_MISMATCH,,,,,,,,,,rver,int32,float64
pilbop_TYPE_MISMATCH,,,,,,,,,,prim,int32,float64
pilbop_TYPE_MISMATCH,,,,,,,,,,dsid_edtn,int32,int64
pilbop_TYPE_MISMATCH,,,,,,,,,,scamax,float64,object
pilbop_TYPE_MISMATCH,,,,,,,,,,agen,int32,float64
pilbop_TYPE_MISMATCH,,,,,,,,,,rcid,int32,float64
pilbop_TYPE_MISMATCH,,,,,,,,,,scamin,int32,int64
pilbop_TYPE_MISMATCH,,,,,,,,,,grup,int32,float64
pilbop_TYPE_MISMATCH,,,,,,,,,,fidn,int32,float64
magvar,26.0,34.0,25.0,9.0,1.0,12.0,False,"lnam_refs, usag, mask, name_rcnm, ornt, ffpt_rind, name_rcid, wkb_geometry, ogc_fid",geometry,,,
magvar_TYPE_MISMATCH,,,,,,,,,,objl,int32,float64
magvar_TYPE_MISMATCH,,,,,,,,,,fids,int32,float64
magvar_TYPE_MISMATCH,,,,,,,,,,dsid_updn,int32,int64
magvar_TYPE_MISMATCH,,,,,,,,,,rver,int32,float64
magvar_TYPE_MISMATCH,,,,,,,,,,dsid_edtn,int32,int64
magvar_TYPE_MISMATCH,,,,,,,,,,prim,int32,float64
magvar_TYPE_MISMATCH,,,,,,,,,,scamax,float64,object
magvar_TYPE_MISMATCH,,,,,,,,,,agen,int32,float64
magvar_TYPE_MISMATCH,,,,,,,,,,rcid,int32,float64
magvar_TYPE_MISMATCH,,,,,,,,,,scamin,int32,int64
magvar_TYPE_MISMATCH,,,,,,,,,,grup,int32,float64
magvar_TYPE_MISMATCH,,,,,,,,,,fidn,int32,float64
ponton,34.0,44.0,33.0,11.0,1.0,17.0,False,"lnam_refs, usag, mask, name_rcnm, ornt, ffpt_rind, name_rcid, wkb_geometry, ogc_fid, status, natcon",geometry,,,
ponton_TYPE_MISMATCH,,,,,,,,,,objl,int32,float64
ponton_TYPE_MISMATCH,,,,,,,,,,fids,int32,float64
ponton_TYPE_MISMATCH,,,,,,,,,,convis,float64,object
ponton_TYPE_MISMATCH,,,,,,,,,,dsid_updn,int32,int64
ponton_TYPE_MISMATCH,,,,,,,,,,rver,int32,float64
ponton_TYPE_MISMATCH,,,,,,,,,,conrad,float64,object
ponton_TYPE_MISMATCH,,,,,,,,,,veracc,float64,object
ponton_TYPE_MISMATCH,,,,,,,,,,dsid_edtn,int32,int64
ponton_TYPE_MISMATCH,,,,,,,,,,prim,int32,float64
ponton_TYPE_MISMATCH,,,,,,,,,,scamax,float64,object
ponton_TYPE_MISMATCH,,,,,,,,,,condtn,float64,object
ponton_TYPE_MISMATCH,,,,,,,,,,agen,int32,float64
ponton_TYPE_MISMATCH,,,,,,,,,,rcid,int32,float64
ponton_TYPE_MISMATCH,,,,,,,,,,verlen,float64,object
ponton_TYPE_MISMATCH,,,,,,,,,,scamin,int32,int64
ponton_TYPE_MISMATCH,,,,,,,,,,grup,int32,float64
ponton_TYPE_MISMATCH,,,,,,,,,,fidn,int32,float64
connectednode,10.0,11.0,9.0,2.0,1.0,8.0,False,"wkb_geometry, ogc_fid",geometry,,,
connectednode_TYPE_MISMATCH,,,,,,,,,,dsid_updn,int32,object
connectednode_TYPE_MISMATCH,,,,,,,,,,ruin,int32,object
connectednode_TYPE_MISMATCH,,,,,,,,,,posacc,float64,object
connectednode_TYPE_MISMATCH,,,,,,,,,,rcnm,int32,object
connectednode_TYPE_MISMATCH,,,,,,,,,,rver,int32,object
connectednode_TYPE_MISMATCH,,,,,,,,,,quapos,int32,object
connectednode_TYPE_MISMATCH,,,,,,,,,,rcid,int32,object
connectednode_TYPE_MISMATCH,,,,,,,,,,dsid_edtn,int32,object
bridge,38.0,50.0,37.0,13.0,1.0,20.0,False,"lnam_refs, usag, mask, name_rcnm, ornt, ffpt_rind, name_rcid, wkb_geometry, colour, natcon, ogc_fid, colpat, catbrg",geometry,,,
bridge_TYPE_MISMATCH,,,,,,,,,,verccl,float64,object
bridge_TYPE_MISMATCH,,,,,,,,,,objl,int32,float64
bridge_TYPE_MISMATCH,,,,,,,,,,fids,int32,float64
bridge_TYPE_MISMATCH,,,,,,,,,,convis,float64,object
bridge_TYPE_MISMATCH,,,,,,,,,,dsid_updn,int32,int64
bridge_TYPE_MISMATCH,,,,,,,,,,rver,int32,float64
bridge_TYPE_MISMATCH,,,,,,,,,,conrad,float64,object
bridge_TYPE_MISMATCH,,,,,,,,,,veracc,float64,object
bridge_TYPE_MISMATCH,,,,,,,,,,prim,int32,float64
bridge_TYPE_MISMATCH,,,,,,,,,,dsid_edtn,int32,int64
bridge_TYPE_MISMATCH,,,,,,,,,,scamax,float64,object
bridge_TYPE_MISMATCH,,,,,,,,,,condtn,float64,object
bridge_TYPE_MISMATCH,,,,,,,,,,fidn,int32,float64
bridge_TYPE_MISMATCH,,,,,,,,,,agen,int32,float64
bridge_TYPE_MISMATCH,,,,,,,,,,rcid,int32,float64
bridge_TYPE_MISMATCH,,,,,,,,,,vercop,float64,object
bridge_TYPE_MISMATCH,,,,,,,,,,horacc,float64,object
bridge_TYPE_MISMATCH,,,,,,,,,,scamin,int32,int64
bridge_TYPE_MISMATCH,,,,,,,,,,grup,int32,float64
bridge_TYPE_MISMATCH,,,,,,,,,,verdat,float64,object
obstrn,35.0,50.0,34.0,16.0,1.0,18.0,False,"lnam_refs, usag, tecsou, mask, name_rcnm, prodct, status, natsur, ffpt_rind, ornt, name_rcid, wkb_geometry, ogc_fid, natqua, quasou, natcon",geometry,,,
obstrn_TYPE_MISMATCH,,,,,,,,,,objl,int32,float64
obstrn_TYPE_MISMATCH,,,,,,,,,,fids,int32,float64
obstrn_TYPE_MISMATCH,,,,,,,,,,dsid_updn,int32,int64
obstrn_TYPE_MISMATCH,,,,,,,,,,watlev,int32,int64
obstrn_TYPE_MISMATCH,,,,,,,,,,rver,int32,float64
obstrn_TYPE_MISMATCH,,,,,,,,,,veracc,float64,object
obstrn_TYPE_MISMATCH,,,,,,,,,,prim,int32,float64
obstrn_TYPE_MISMATCH,,,,,,,,,,dsid_edtn,int32,int64
obstrn_TYPE_MISMATCH,,,,,,,,,,scamax,float64,object
obstrn_TYPE_MISMATCH,,,,,,,,,,condtn,float64,object
obstrn_TYPE_MISMATCH,,,,,,,,,,height,float64,object
obstrn_TYPE_MISMATCH,,,,,,,,,,fidn,int32,float64
obstrn_TYPE_MISMATCH,,,,,,,,,,agen,int32,float64
obstrn_TYPE_MISMATCH,,,,,,,,,,rcid,int32,float64
obstrn_TYPE_MISMATCH,,,,,,,,,,verlen,float64,object
obstrn_TYPE_MISMATCH,,,,,,,,,,grup,int32,float64
obstrn_TYPE_MISMATCH,,,,,,,,,,souacc,float64,object
obstrn_TYPE_MISMATCH,,,,,,,,,,verdat,float64,object
buaare,32.0,40.0,31.0,9.0,1.0,19.0,False,"lnam_refs, usag, mask, name_rcnm, ornt, ffpt_rind, name_rcid, wkb_geometry, ogc_fid",geometry,,,
buaare_TYPE_MISMATCH,,,,,,,,,,objl,int32,float64
buaare_TYPE_MISMATCH,,,,,,,,,,fids,int32,float64
buaare_TYPE_MISMATCH,,,,,,,,,,dsid_updn,int32,int64
buaare_TYPE_MISMATCH,,,,,,,,,,convis,float64,object
buaare_TYPE_MISMATCH,,,,,,,,,,rver,int32,float64
buaare_TYPE_MISMATCH,,,,,,,,,,conrad,float64,object
buaare_TYPE_MISMATCH,,,,,,,,,,veracc,float64,object
buaare_TYPE_MISMATCH,,,,,,,,,,prim,int32,float64
buaare_TYPE_MISMATCH,,,,,,,,,,dsid_edtn,int32,int64
buaare_TYPE_MISMATCH,,,,,,,,,,scamax,float64,object
buaare_TYPE_MISMATCH,,,,,,,,,,condtn,float64,object
buaare_TYPE_MISMATCH,,,,,,,,,,height,float64,object
buaare_TYPE_MISMATCH,,,,,,,,,,fidn,int32,float64
buaare_TYPE_MISMATCH,,,,,,,,,,agen,int32,float64
buaare_TYPE_MISMATCH,,,,,,,,,,rcid,int32,float64
buaare_TYPE_MISMATCH,,,,,,,,,,scamin,int32,int64
buaare_TYPE_MISMATCH,,,,,,,,,,catbua,int32,int64
buaare_TYPE_MISMATCH,,,,,,,,,,grup,int32,float64
buaare_TYPE_MISMATCH,,,,,,,,,,verdat,float64,object
rectrc,36.0,47.0,35.0,12.0,1.0,18.0,False,"lnam_refs, usag, tecsou, mask, name_rcnm, status, ornt, ffpt_rind, name_rcid, wkb_geometry, ogc_fid, quasou",geometry,,,
rectrc_TYPE_MISMATCH,,,,,,,,,,objl,int32,float64
rectrc_TYPE_MISMATCH,,,,,,,,,,fids,int32,float64
rectrc_TYPE_MISMATCH,,,,,,,,,,drval2,float64,object
rectrc_TYPE_MISMATCH,,,,,,,,,,dsid_updn,int32,int64
rectrc_TYPE_MISMATCH,,,,,,,,,,rver,int32,float64
rectrc_TYPE_MISMATCH,,,,,,,,,,prim,int32,float64
rectrc_TYPE_MISMATCH,,,,,,,,,,dsid_edtn,int32,int64
rectrc_TYPE_MISMATCH,,,,,,,,,,scamax,float64,object
rectrc_TYPE_MISMATCH,,,,,,,,,,fidn,int32,float64
rectrc_TYPE_MISMATCH,,,,,,,,,,drval1,float64,object
rectrc_TYPE_MISMATCH,,,,,,,,,,agen,int32,float64
rectrc_TYPE_MISMATCH,,,,,,,,,,trafic,int32,int64
rectrc_TYPE_MISMATCH,,,,,,,,,,rcid,int32,float64
rectrc_TYPE_MISMATCH,,,,,,,,,,scamin,int32,int64
rectrc_TYPE_MISMATCH,,,,,,,,,,grup,int32,float64
rectrc_TYPE_MISMATCH,,,,,,,,,,cattrk,int32,int64
rectrc_TYPE_MISMATCH,,,,,,,,,,souacc,float64,object
rectrc_TYPE_MISMATCH,,,,,,,,,,verdat,float64,object
damcon,35.0,46.0,34.0,12.0,1.0,20.0,False,"lnam_refs, usag, mask, name_rcnm, ornt, ffpt_rind, name_rcid, wkb_geometry, colour, ogc_fid, colpat, natcon",geometry,,,
damcon_TYPE_MISMATCH,,,,,,,,,,objl,int32,float64
damcon_TYPE_MISMATCH,,,,,,,,,,fids,int32,float64
damcon_TYPE_MISMATCH,,,,,,,,,,convis,float64,object
damcon_TYPE_MISMATCH,,,,,,,,,,dsid_updn,int32,int64
damcon_TYPE_MISMATCH,,,,,,,,,,rver,int32,float64
damcon_TYPE_MISMATCH,,,,,,,,,,conrad,float64,object
damcon_TYPE_MISMATCH,,,,,,,,,,veracc,float64,object
damcon_TYPE_MISMATCH,,,,,,,,,,catdam,float64,object
damcon_TYPE_MISMATCH,,,,,,,,,,prim,int32,float64
damcon_TYPE_MISMATCH,,,,,,,,,,dsid_edtn,int32,int64
damcon_TYPE_MISMATCH,,,,,,,,,,scamax,float64,object
damcon_TYPE_MISMATCH,,,,,,,,,,condtn,float64,object
damcon_TYPE_MISMATCH,,,,,,,,,,height,float64,object
damcon_TYPE_MISMATCH,,,,,,,,,,fidn,int32,float64
damcon_TYPE_MISMATCH,,,,,,,,,,agen,int32,float64
damcon_TYPE_MISMATCH,,,,,,,,,,rcid,int32,float64
damcon_TYPE_MISMATCH,,,,,,,,,,verlen,float64,object
damcon_TYPE_MISMATCH,,,,,,,,,,scamin,int32,int64
damcon_TYPE_MISMATCH,,,,,,,,,,grup,int32,float64
damcon_TYPE_MISMATCH,,,,,,,,,,verdat,float64,object
ctnare,27.0,35.0,26.0,9.0,1.0,12.0,False,"lnam_refs, usag, mask, name_rcnm, ornt, ffpt_rind, name_rcid, wkb_geometry, ogc_fid",geometry,,,
ctnare_TYPE_MISMATCH,,,,,,,,,,objl,int32,float64
ctnare_TYPE_MISMATCH,,,,,,,,,,fids,int32,float64
ctnare_TYPE_MISMATCH,,,,,,,,,,dsid_updn,int32,int64
ctnare_TYPE_MISMATCH,,,,,,,,,,rver,int32,float64
ctnare_TYPE_MISMATCH,,,,,,,,,,dsid_edtn,int32,int64
ctnare_TYPE_MISMATCH,,,,,,,,,,prim,int32,float64
ctnare_TYPE_MISMATCH,,,,,,,,,,scamax,float64,object
ctnare_TYPE_MISMATCH,,,,,,,,,,agen,int32,float64
ctnare_TYPE_MISMATCH,,,,,,,,,,rcid,int32,float64
ctnare_TYPE_MISMATCH,,,,,,,,,,scamin,int32,int64
ctnare_TYPE_MISMATCH,,,,,,,,,,grup,int32,float64
ctnare_TYPE_MISMATCH,,,,,,,,,,fidn,int32,float64
feryrt,30.0,39.0,29.0,10.0,1.0,13.0,False,"lnam_refs, usag, mask, name_rcnm, ornt, ffpt_rind, name_rcid, wkb_geometry, ogc_fid, status",geometry,,,
feryrt_TYPE_MISMATCH,,,,,,,,,,catfry,int32,int64
feryrt_TYPE_MISMATCH,,,,,,,,,,objl,int32,float64
feryrt_TYPE_MISMATCH,,,,,,,,,,fids,int32,float64
feryrt_TYPE_MISMATCH,,,,,,,,,,dsid_updn,int32,int64
feryrt_TYPE_MISMATCH,,,,,,,,,,rver,int32,float64
feryrt_TYPE_MISMATCH,,,,,,,,,,dsid_edtn,int32,int64
feryrt_TYPE_MISMATCH,,,,,,,,,,prim,int32,float64
feryrt_TYPE_MISMATCH,,,,,,,,,,scamax,float64,object
feryrt_TYPE_MISMATCH,,,,,,,,,,agen,int32,float64
feryrt_TYPE_MISMATCH,,,,,,,,,,rcid,int32,float64
feryrt_TYPE_MISMATCH,,,,,,,,,,scamin,int32,int64
feryrt_TYPE_MISMATCH,,,,,,,,,,grup,int32,float64
feryrt_TYPE_MISMATCH,,,,,,,,,,fidn,int32,float64
dmpgrd,25.0,36.0,24.0,12.0,1.0,12.0,False,"lnam_refs, usag, mask, name_rcnm, ornt, ffpt_rind, name_rcid, wkb_geometry, ogc_fid, status, catdpg, restrn",geometry,,,
dmpgrd_TYPE_MISMATCH,,,,,,,,,,objl,int32,float64
dmpgrd_TYPE_MISMATCH,,,,,,,,,,fids,int32,float64
dmpgrd_TYPE_MISMATCH,,,,,,,,,,dsid_updn,int32,int64
dmpgrd_TYPE_MISMATCH,,,,,,,,,,rver,int32,float64
dmpgrd_TYPE_MISMATCH,,,,,,,,,,dsid_edtn,int32,int64
dmpgrd_TYPE_MISMATCH,,,,,,,,,,prim,int32,float64
dmpgrd_TYPE_MISMATCH,,,,,,,,,,scamax,float64,object
dmpgrd_TYPE_MISMATCH,,,,,,,,,,agen,int32,float64
dmpgrd_TYPE_MISMATCH,,,,,,,,,,rcid,int32,float64
dmpgrd_TYPE_MISMATCH,,,,,,,,,,scamin,int32,int64
dmpgrd_TYPE_MISMATCH,,,,,,,,,,grup,int32,float64
dmpgrd_TYPE_MISMATCH,,,,,,,,,,fidn,int32,float64
buisgl,35.0,48.0,34.0,14.0,1.0,20.0,False,"lnam_refs, usag, mask, name_rcnm, ornt, ffpt_rind, name_rcid, wkb_geometry, colour, ogc_fid, functn, status, colpat, natcon",geometry,,,
buisgl_TYPE_MISMATCH,,,,,,,,,,objl,int32,float64
buisgl_TYPE_MISMATCH,,,,,,,,,,fids,int32,float64
buisgl_TYPE_MISMATCH,,,,,,,,,,dsid_updn,int32,int64
buisgl_TYPE_MISMATCH,,,,,,,,,,convis,float64,object
buisgl_TYPE_MISMATCH,,,,,,,,,,elevat,float64,object
buisgl_TYPE_MISMATCH,,,,,,,,,,rver,int32,float64
buisgl_TYPE_MISMATCH,,,,,,,,,,conrad,float64,object
buisgl_TYPE_MISMATCH,,,,,,,,,,veracc,float64,object
buisgl_TYPE_MISMATCH,,,,,,,,,,prim,int32,float64
buisgl_TYPE_MISMATCH,,,,,,,,,,dsid_edtn,int32,int64
buisgl_TYPE_MISMATCH,,,,,,,,,,scamax,float64,object
buisgl_TYPE_MISMATCH,,,,,,,,,,condtn,float64,object
buisgl_TYPE_MISMATCH,,,,,,,,,,fidn,int32,float64
buisgl_TYPE_MISMATCH,,,,,,,,,,agen,int32,float64
buisgl_TYPE_MISMATCH,,,,,,,,,,rcid,int32,float64
buisgl_TYPE_MISMATCH,,,,,,,,,,verlen,float64,object
buisgl_TYPE_MISMATCH,,,,,,,,,,scamin,int32,int64
buisgl_TYPE_MISMATCH,,,,,,,,,,grup,int32,float64
buisgl_TYPE_MISMATCH,,,,,,,,,,verdat,float64,object
buisgl_TYPE_MISMATCH,,,,,,,,,,buishp,float64,object
cblare,28.0,38.0,27.0,11.0,1.0,12.0,False,"lnam_refs, usag, mask, name_rcnm, ornt, ffpt_rind, name_rcid, wkb_geometry, ogc_fid, status, restrn",geometry,,,
cblare_TYPE_MISMATCH,,,,,,,,,,objl,int32,float64
cblare_TYPE_MISMATCH,,,,,,,,,,fids,int32,float64
cblare_TYPE_MISMATCH,,,,,,,,,,dsid_updn,int32,int64
cblare_TYPE_MISMATCH,,,,,,,,,,rver,int32,float64
cblare_TYPE_MISMATCH,,,,,,,,,,dsid_edtn,int32,int64
cblare_TYPE_MISMATCH,,,,,,,,,,prim,int32,float64
cblare_TYPE_MISMATCH,,,,,,,,,,scamax,float64,object
cblare_TYPE_MISMATCH,,,,,,,,,,agen,int32,float64
cblare_TYPE_MISMATCH,,,,,,,,,,rcid,int32,float64
cblare_TYPE_MISMATCH,,,,,,,,,,scamin,int32,int64
cblare_TYPE_MISMATCH,,,,,,,,,,grup,int32,float64
cblare_TYPE_MISMATCH,,,,,,,,,,fidn,int32,float64
boylat,36.0,48.0,35.0,13.0,1.0,18.0,False,"lnam_refs, usag, mask, name_rcnm, ornt, ffpt_rind, name_rcid, wkb_geometry, colour, ogc_fid, status, colpat, natcon",geometry,,,
boylat_TYPE_MISMATCH,,,,,,,,,,objl,int32,float64
boylat_TYPE_MISMATCH,,,,,,,,,,fids,int32,float64
boylat_TYPE_MISMATCH,,,,,,,,,,dsid_updn,int32,int64
boylat_TYPE_MISMATCH,,,,,,,,,,rver,int32,float64
boylat_TYPE_MISMATCH,,,,,,,,,,conrad,float64,object
boylat_TYPE_MISMATCH,,,,,,,,,,veracc,float64,object
boylat_TYPE_MISMATCH,,,,,,,,,,catlam,int32,int64
boylat_TYPE_MISMATCH,,,,,,,,,,dsid_edtn,int32,int64
boylat_TYPE_MISMATCH,,,,,,,,,,prim,int32,float64
boylat_TYPE_MISMATCH,,,,,,,,,,scamax,float64,object
boylat_TYPE_MISMATCH,,,,,,,,,,boyshp,int32,int64
boylat_TYPE_MISMATCH,,,,,,,,,,agen,int32,float64
boylat_TYPE_MISMATCH,,,,,,,,,,rcid,int32,float64
boylat_TYPE_MISMATCH,,,,,,,,,,verlen,float64,object
boylat_TYPE_MISMATCH,,,,,,,,,,marsys,float64,object
boylat_TYPE_MISMATCH,,,,,,,,,,scamin,int32,int64
boylat_TYPE_MISMATCH,,,,,,,,,,grup,int32,float64
boylat_TYPE_MISMATCH,,,,,,,,,,fidn,int32,float64
cblsub,33.0,42.0,32.0,10.0,1.0,17.0,False,"lnam_refs, usag, mask, name_rcnm, ornt, ffpt_rind, name_rcid, wkb_geometry, ogc_fid, status",geometry,,,
cblsub_TYPE_MISMATCH,,,,,,,,,,objl,int32,float64
cblsub_TYPE_MISMATCH,,,,,,,,,,fids,int32,float64
cblsub_TYPE_MISMATCH,,,,,,,,,,drval2,float64,object
cblsub_TYPE_MISMATCH,,,,,,,,,,dsid_updn,int32,int64
cblsub_TYPE_MISMATCH,,,,,,,,,,rver,int32,float64
cblsub_TYPE_MISMATCH,,,,,,,,,,prim,int32,float64
cblsub_TYPE_MISMATCH,,,,,,,,,,dsid_edtn,int32,int64
cblsub_TYPE_MISMATCH,,,,,,,,,,scamax,float64,object
cblsub_TYPE_MISMATCH,,,,,,,,,,condtn,float64,object
cblsub_TYPE_MISMATCH,,,,,,,,,,fidn,int32,float64
cblsub_TYPE_MISMATCH,,,,,,,,,,drval1,float64,object
cblsub_TYPE_MISMATCH,,,,,,,,,,agen,int32,float64
cblsub_TYPE_MISMATCH,,,,,,,,,,rcid,int32,float64
cblsub_TYPE_MISMATCH,,,,,,,,,,scamin,int32,int64
cblsub_TYPE_MISMATCH,,,,,,,,,,grup,int32,float64
cblsub_TYPE_MISMATCH,,,,,,,,,,verdat,float64,object
cblsub_TYPE_MISMATCH,,,,,,,,,,burdep,float64,object
lndelv,29.0,37.0,28.0,9.0,1.0,15.0,False,"lnam_refs, usag, mask, name_rcnm, ornt, ffpt_rind, name_rcid, wkb_geometry, ogc_fid",geometry,,,
lndelv_TYPE_MISMATCH,,,,,,,,,,objl,int32,float64
lndelv_TYPE_MISMATCH,,,,,,,,,,fids,int32,float64
lndelv_TYPE_MISMATCH,,,,,,,,,,dsid_updn,int32,int64
lndelv_TYPE_MISMATCH,,,,,,,,,,convis,float64,object
lndelv_TYPE_MISMATCH,,,,,,,,,,rver,int32,float64
lndelv_TYPE_MISMATCH,,,,,,,,,,veracc,float64,object
lndelv_TYPE_MISMATCH,,,,,,,,,,prim,int32,float64
lndelv_TYPE_MISMATCH,,,,,,,,,,dsid_edtn,int32,int64
lndelv_TYPE_MISMATCH,,,,,,,,,,scamax,float64,object
lndelv_TYPE_MISMATCH,,,,,,,,,,fidn,int32,float64
lndelv_TYPE_MISMATCH,,,,,,,,,,agen,int32,float64
lndelv_TYPE_MISMATCH,,,,,,,,,,rcid,int32,float64
lndelv_TYPE_MISMATCH,,,,,,,,,,scamin,int32,int64
lndelv_TYPE_MISMATCH,,,,,,,,,,grup,int32,float64
lndelv_TYPE_MISMATCH,,,,,,,,,,verdat,float64,object
rdocal,32.0,41.0,31.0,10.0,1.0,13.0,False,"lnam_refs, usag, mask, name_rcnm, ornt, ffpt_rind, name_rcid, wkb_geometry, ogc_fid, status",geometry,,,
rdocal_TYPE_MISMATCH,,,,,,,,,,objl,int32,float64
rdocal_TYPE_MISMATCH,,,,,,,,,,fids,int32,float64
rdocal_TYPE_MISMATCH,,,,,,,,,,dsid_updn,int32,int64
rdocal_TYPE_MISMATCH,,,,,,,,,,rver,int32,float64
rdocal_TYPE_MISMATCH,,,,,,,,,,dsid_edtn,int32,int64
rdocal_TYPE_MISMATCH,,,,,,,,,,prim,int32,float64
rdocal_TYPE_MISMATCH,,,,,,,,,,scamax,float64,object
rdocal_TYPE_MISMATCH,,,,,,,,,,agen,int32,float64
rdocal_TYPE_MISMATCH,,,,,,,,,,trafic,int32,int64
rdocal_TYPE_MISMATCH,,,,,,,,,,rcid,int32,float64
rdocal_TYPE_MISMATCH,,,,,,,,,,scamin,int32,int64
rdocal_TYPE_MISMATCH,,,,,,,,,,grup,int32,float64
rdocal_TYPE_MISMATCH,,,,,,,,,,fidn,int32,float64
depcnt,26.0,34.0,25.0,9.0,1.0,14.0,False,"lnam_refs, usag, mask, name_rcnm, ornt, ffpt_rind, name_rcid, wkb_geometry, ogc_fid",geometry,,,
depcnt_TYPE_MISMATCH,,,,,,,,,,objl,int32,float64
depcnt_TYPE_MISMATCH,,,,,,,,,,fids,int32,float64
depcnt_TYPE_MISMATCH,,,,,,,,,,dsid_updn,int32,int64
depcnt_TYPE_MISMATCH,,,,,,,,,,rver,int32,float64
depcnt_TYPE_MISMATCH,,,,,,,,,,prim,int32,float64
depcnt_TYPE_MISMATCH,,,,,,,,,,dsid_edtn,int32,int64
depcnt_TYPE_MISMATCH,,,,,,,,,,scamax,float64,object
depcnt_TYPE_MISMATCH,,,,,,,,,,fidn,int32,float64
depcnt_TYPE_MISMATCH,,,,,,,,,,hypcat,float64,object
depcnt_TYPE_MISMATCH,,,,,,,,,,agen,int32,float64
depcnt_TYPE_MISMATCH,,,,,,,,,,rcid,int32,float64
depcnt_TYPE_MISMATCH,,,,,,,,,,scamin,int32,int64
depcnt_TYPE_MISMATCH,,,,,,,,,,grup,int32,float64
depcnt_TYPE_MISMATCH,,,,,,,,,,verdat,float64,object
rdosta,34.0,44.0,33.0,11.0,1.0,14.0,False,"lnam_refs, usag, mask, name_rcnm, ornt, ffpt_rind, name_rcid, catros, wkb_geometry, ogc_fid, status",geometry,,,
rdosta_TYPE_MISMATCH,,,,,,,,,,objl,int32,float64
rdosta_TYPE_MISMATCH,,,,,,,,,,fids,int32,float64
rdosta_TYPE_MISMATCH,,,,,,,,,,dsid_updn,int32,int64
rdosta_TYPE_MISMATCH,,,,,,,,,,orient,float64,object
rdosta_TYPE_MISMATCH,,,,,,,,,,rver,int32,float64
rdosta_TYPE_MISMATCH,,,,,,,,,,dsid_edtn,int32,int64
rdosta_TYPE_MISMATCH,,,,,,,,,,prim,int32,float64
rdosta_TYPE_MISMATCH,,,,,,,,,,scamax,float64,object
rdosta_TYPE_MISMATCH,,,,,,,,,,agen,int32,float64
rdosta_TYPE_MISMATCH,,,,,,,,,,rcid,int32,float64
rdosta_TYPE_MISMATCH,,,,,,,,,,scamin,int32,int64
rdosta_TYPE_MISMATCH,,,,,,,,,,grup,int32,float64
rdosta_TYPE_MISMATCH,,,,,,,,,,estrng,float64,object
rdosta_TYPE_MISMATCH,,,,,,,,,,fidn,int32,float64
lights,43.0,55.0,42.0,13.0,1.0,16.0,False,"lnam_refs, usag, mask, name_rcnm, ornt, ffpt_rind, name_rcid, wkb_geometry, colour, ogc_fid, status, catlit, litvis",geometry,,,
lights_TYPE_MISMATCH,,,,,,,,,,objl,int32,float64
lights_TYPE_MISMATCH,,,,,,,,,,fids,int32,float64
lights_TYPE_MISMATCH,,,,,,,,,,dsid_updn,int32,int64
lights_TYPE_MISMATCH,,,,,,,,,,rver,int32,float64
lights_TYPE_MISMATCH,,,,,,,,,,veracc,float64,object
lights_TYPE_MISMATCH,,,,,,,,,,prim,int32,float64
lights_TYPE_MISMATCH,,,,,,,,,,dsid_edtn,int32,int64
lights_TYPE_MISMATCH,,,,,,,,,,scamax,float64,object
lights_TYPE_MISMATCH,,,,,,,,,,fidn,int32,float64
lights_TYPE_MISMATCH,,,,,,,,,,litchr,int32,int64
lights_TYPE_MISMATCH,,,,,,,,,,agen,int32,float64
lights_TYPE_MISMATCH,,,,,,,,,,rcid,int32,float64
lights_TYPE_MISMATCH,,,,,,,,,,marsys,float64,object
lights_TYPE_MISMATCH,,,,,,,,,,scamin,int32,int64
lights_TYPE_MISMATCH,,,,,,,,,,grup,int32,float64
lights_TYPE_MISMATCH,,,,,,,,,,verdat,float64,object
coalne,32.0,41.0,31.0,10.0,1.0,17.0,False,"lnam_refs, usag, mask, name_rcnm, ornt, ffpt_rind, name_rcid, wkb_geometry, colour, ogc_fid",geometry,,,
coalne_TYPE_MISMATCH,,,,,,,,,,objl,int32,float64
coalne_TYPE_MISMATCH,,,,,,,,,,fids,int32,float64
coalne_TYPE_MISMATCH,,,,,,,,,,dsid_updn,int32,int64
coalne_TYPE_MISMATCH,,,,,,,,,,convis,float64,object
coalne_TYPE_MISMATCH,,,,,,,,,,elevat,float64,object
coalne_TYPE_MISMATCH,,,,,,,,,,rver,int32,float64
coalne_TYPE_MISMATCH,,,,,,,,,,conrad,float64,object
coalne_TYPE_MISMATCH,,,,,,,,,,veracc,float64,object
coalne_TYPE_MISMATCH,,,,,,,,,,prim,int32,float64
coalne_TYPE_MISMATCH,,,,,,,,,,dsid_edtn,int32,int64
coalne_TYPE_MISMATCH,,,,,,,,,,scamax,float64,object
coalne_TYPE_MISMATCH,,,,,,,,,,fidn,int32,float64
coalne_TYPE_MISMATCH,,,,,,,,,,agen,int32,float64
coalne_TYPE_MISMATCH,,,,,,,,,,rcid,int32,float64
coalne_TYPE_MISMATCH,,,,,,,,,,scamin,float64,object
coalne_TYPE_MISMATCH,,,,,,,,,,grup,int32,float64
coalne_TYPE_MISMATCH,,,,,,,,,,verdat,float64,object
sbdare,26.0,37.0,25.0,12.0,1.0,12.0,False,"lnam_refs, usag, mask, name_rcnm, natsur, ffpt_rind, ornt, name_rcid, wkb_geometry, colour, ogc_fid, natqua",geometry,,,
sbdare_TYPE_MISMATCH,,,,,,,,,,objl,int32,float64
sbdare_TYPE_MISMATCH,,,,,,,,,,fids,int32,float64
sbdare_TYPE_MISMATCH,,,,,,,,,,dsid_updn,int32,int64
sbdare_TYPE_MISMATCH,,,,,,,,,,rver,int32,float64
sbdare_TYPE_MISMATCH,,,,,,,,,,dsid_edtn,int32,int64
sbdare_TYPE_MISMATCH,,,,,,,,,,prim,int32,float64
sbdare_TYPE_MISMATCH,,,,,,,,,,scamax,float64,object
sbdare_TYPE_MISMATCH,,,,,,,,,,agen,int32,float64
sbdare_TYPE_MISMATCH,,,,,,,,,,rcid,int32,float64
sbdare_TYPE_MISMATCH,,,,,,,,,,scamin,int32,int64
sbdare_TYPE_MISMATCH,,,,,,,,,,grup,int32,float64
sbdare_TYPE_MISMATCH,,,,,,,,,,fidn,int32,float64
tssbnd,26.0,35.0,25.0,10.0,1.0,13.0,False,"lnam_refs, usag, mask, name_rcnm, ornt, ffpt_rind, name_rcid, wkb_geometry, ogc_fid, status",geometry,,,
tssbnd_TYPE_MISMATCH,,,,,,,,,,cattss,int32,int64
tssbnd_TYPE_MISMATCH,,,,,,,,,,objl,int32,float64
tssbnd_TYPE_MISMATCH,,,,,,,,,,fids,int32,float64
tssbnd_TYPE_MISMATCH,,,,,,,,,,dsid_updn,int32,int64
tssbnd_TYPE_MISMATCH,,,,,,,,,,rver,int32,float64
tssbnd_TYPE_MISMATCH,,,,,,,,,,dsid_edtn,int32,int64
tssbnd_TYPE_MISMATCH,,,,,,,,,,prim,int32,float64
tssbnd_TYPE_MISMATCH,,,,,,,,,,scamax,float64,object
tssbnd_TYPE_MISMATCH,,,,,,,,,,agen,int32,float64
tssbnd_TYPE_MISMATCH,,,,,,,,,,rcid,int32,float64
tssbnd_TYPE_MISMATCH,,,,,,,,,,scamin,float64,object
tssbnd_TYPE_MISMATCH,,,,,,,,,,grup,int32,float64
tssbnd_TYPE_MISMATCH,,,,,,,,,,fidn,int32,float64
prcare,25.0,35.0,24.0,11.0,1.0,12.0,False,"lnam_refs, usag, mask, name_rcnm, ornt, ffpt_rind, name_rcid, wkb_geometry, ogc_fid, status, restrn",geometry,,,
prcare_TYPE_MISMATCH,,,,,,,,,,objl,int32,float64
prcare_TYPE_MISMATCH,,,,,,,,,,fids,int32,float64
prcare_TYPE_MISMATCH,,,,,,,,,,dsid_updn,int32,int64
prcare_TYPE_MISMATCH,,,,,,,,,,rver,int32,float64
prcare_TYPE_MISMATCH,,,,,,,,,,dsid_edtn,int32,int64
prcare_TYPE_MISMATCH,,,,,,,,,,prim,int32,float64
prcare_TYPE_MISMATCH,,,,,,,,,,scamax,float64,object
prcare_TYPE_MISMATCH,,,,,,,,,,agen,int32,float64
prcare_TYPE_MISMATCH,,,,,,,,,,rcid,int32,float64
prcare_TYPE_MISMATCH,,,,,,,,,,scamin,float64,object
prcare_TYPE_MISMATCH,,,,,,,,,,grup,int32,float64
prcare_TYPE_MISMATCH,,,,,,,,,,fidn,int32,float64
daymar,35.0,48.0,34.0,14.0,1.0,18.0,False,"lnam_refs, usag, mask, name_rcnm, ornt, ffpt_rind, name_rcid, wkb_geometry, colour, ogc_fid, status, colpat, natcon, catspm",geometry,,,
daymar_TYPE_MISMATCH,,,,,,,,,,objl,int32,float64
daymar_TYPE_MISMATCH,,,,,,,,,,fids,int32,float64
daymar_TYPE_MISMATCH,,,,,,,,,,dsid_updn,int32,int64
daymar_TYPE_MISMATCH,,,,,,,,,,elevat,float64,object
daymar_TYPE_MISMATCH,,,,,,,,,,rver,int32,float64
daymar_TYPE_MISMATCH,,,,,,,,,,veracc,float64,object
daymar_TYPE_MISMATCH,,,,,,,,,,prim,int32,float64
daymar_TYPE_MISMATCH,,,,,,,,,,dsid_edtn,int32,int64
daymar_TYPE_MISMATCH,,,,,,,,,,scamax,float64,object
daymar_TYPE_MISMATCH,,,,,,,,,,height,float64,object
daymar_TYPE_MISMATCH,,,,,,,,,,fidn,int32,float64
daymar_TYPE_MISMATCH,,,,,,,,,,agen,int32,float64
daymar_TYPE_MISMATCH,,,,,,,,,,rcid,int32,float64
daymar_TYPE_MISMATCH,,,,,,,,,,verlen,float64,object
daymar_TYPE_MISMATCH,,,,,,,,,,scamin,int32,int64
daymar_TYPE_MISMATCH,,,,,,,,,,topshp,int32,int64
daymar_TYPE_MISMATCH,,,,,,,,,,grup,int32,float64
daymar_TYPE_MISMATCH,,,,,,,,,,verdat,float64,object
uwtroc,30.0,43.0,29.0,14.0,1.0,14.0,False,"lnam_refs, usag, tecsou, mask, name_rcnm, status, natsur, ffpt_rind, ornt, name_rcid, wkb_geometry, ogc_fid, natqua, quasou",geometry,,,
uwtroc_TYPE_MISMATCH,,,,,,,,,,objl,int32,float64
uwtroc_TYPE_MISMATCH,,,,,,,,,,fids,int32,float64
uwtroc_TYPE_MISMATCH,,,,,,,,,,dsid_updn,int32,int64
uwtroc_TYPE_MISMATCH,,,,,,,,,,watlev,int32,int64
uwtroc_TYPE_MISMATCH,,,,,,,,,,rver,int32,float64
uwtroc_TYPE_MISMATCH,,,,,,,,,,prim,int32,float64
uwtroc_TYPE_MISMATCH,,,,,,,,,,dsid_edtn,int32,int64
uwtroc_TYPE_MISMATCH,,,,,,,,,,scamax,float64,object
uwtroc_TYPE_MISMATCH,,,,,,,,,,fidn,int32,float64
uwtroc_TYPE_MISMATCH,,,,,,,,,,agen,int32,float64
uwtroc_TYPE_MISMATCH,,,,,,,,,,rcid,int32,float64
uwtroc_TYPE_MISMATCH,,,,,,,,,,grup,int32,float64
uwtroc_TYPE_MISMATCH,,,,,,,,,,souacc,float64,object
uwtroc_TYPE_MISMATCH,,,,,,,,,,verdat,float64,object
fairwy,32.0,43.0,31.0,12.0,1.0,17.0,False,"lnam_refs, usag, mask, name_rcnm, status, ornt, ffpt_rind, name_rcid, wkb_geometry, ogc_fid, quasou, restrn",geometry,,,
fairwy_TYPE_MISMATCH,,,,,,,,,,objl,int32,float64
fairwy_TYPE_MISMATCH,,,,,,,,,,fids,int32,float64
fairwy_TYPE_MISMATCH,,,,,,,,,,dsid_updn,int32,int64
fairwy_TYPE_MISMATCH,,,,,,,,,,orient,float64,object
fairwy_TYPE_MISMATCH,,,,,,,,,,rver,int32,float64
fairwy_TYPE_MISMATCH,,,,,,,,,,prim,int32,float64
fairwy_TYPE_MISMATCH,,,,,,,,,,dsid_edtn,int32,int64
fairwy_TYPE_MISMATCH,,,,,,,,,,scamax,float64,object
fairwy_TYPE_MISMATCH,,,,,,,,,,fidn,int32,float64
fairwy_TYPE_MISMATCH,,,,,,,,,,drval1,float64,object
fairwy_TYPE_MISMATCH,,,,,,,,,,agen,int32,float64
fairwy_TYPE_MISMATCH,,,,,,,,,,trafic,int32,int64
fairwy_TYPE_MISMATCH,,,,,,,,,,rcid,int32,float64
fairwy_TYPE_MISMATCH,,,,,,,,,,scamin,int32,int64
fairwy_TYPE_MISMATCH,,,,,,,,,,grup,int32,float64
fairwy_TYPE_MISMATCH,,,,,,,,,,souacc,float64,object
fairwy_TYPE_MISMATCH,,,,,,,,,,verdat,float64,object
morfac,40.0,52.0,39.0,13.0,1.0,22.0,False,"lnam_refs, usag, mask, name_rcnm, ornt, ffpt_rind, name_rcid, wkb_geometry, colour, ogc_fid, status, colpat, natcon",geometry,,,
morfac_TYPE_MISMATCH,,,,,,,,,,objl,int32,float64
morfac_TYPE_MISMATCH,,,,,,,,,,fids,int32,float64
morfac_TYPE_MISMATCH,,,,,,,,,,catmor,int32,int64
morfac_TYPE_MISMATCH,,,,,,,,,,convis,float64,object
morfac_TYPE_MISMATCH,,,,,,,,,,dsid_updn,int32,int64
morfac_TYPE_MISMATCH,,,,,,,,,,watlev,float64,object
morfac_TYPE_MISMATCH,,,,,,,,,,rver,int32,float64
morfac_TYPE_MISMATCH,,,,,,,,,,conrad,float64,object
morfac_TYPE_MISMATCH,,,,,,,,,,veracc,float64,object
morfac_TYPE_MISMATCH,,,,,,,,,,prim,int32,float64
morfac_TYPE_MISMATCH,,,,,,,,,,dsid_edtn,int32,int64
morfac_TYPE_MISMATCH,,,,,,,,,,scamax,float64,object
morfac_TYPE_MISMATCH,,,,,,,,,,condtn,float64,object
morfac_TYPE_MISMATCH,,,,,,,,,,height,float64,object
morfac_TYPE_MISMATCH,,,,,,,,,,fidn,int32,float64
morfac_TYPE_MISMATCH,,,,,,,,,,boyshp,float64,object
morfac_TYPE_MISMATCH,,,,,,,,,,agen,int32,float64
morfac_TYPE_MISMATCH,,,,,,,,,,rcid,int32,float64
morfac_TYPE_MISMATCH,,,,,,,,,,verlen,float64,object
morfac_TYPE_MISMATCH,,,,,,,,,,scamin,int32,int64
morfac_TYPE_MISMATCH,,,,,,,,,,grup,int32,float64
morfac_TYPE_MISMATCH,,,,,,,,,,verdat,float64,object
pilpnt,34.0,44.0,33.0,11.0,1.0,18.0,False,"lnam_refs, usag, mask, name_rcnm, ornt, ffpt_rind, name_rcid, wkb_geometry, colour, ogc_fid, colpat",geometry,,,
pilpnt_TYPE_MISMATCH,,,,,,,,,,objl,int32,float64
pilpnt_TYPE_MISMATCH,,,,,,,,,,fids,int32,float64
pilpnt_TYPE_MISMATCH,,,,,,,,,,convis,float64,object
pilpnt_TYPE_MISMATCH,,,,,,,,,,dsid_updn,int32,int64
pilpnt_TYPE_MISMATCH,,,,,,,,,,rver,int32,float64
pilpnt_TYPE_MISMATCH,,,,,,,,,,veracc,float64,object
pilpnt_TYPE_MISMATCH,,,,,,,,,,prim,int32,float64
pilpnt_TYPE_MISMATCH,,,,,,,,,,dsid_edtn,int32,int64
pilpnt_TYPE_MISMATCH,,,,,,,,,,scamax,float64,object
pilpnt_TYPE_MISMATCH,,,,,,,,,,condtn,float64,object
pilpnt_TYPE_MISMATCH,,,,,,,,,,height,float64,object
pilpnt_TYPE_MISMATCH,,,,,,,,,,fidn,int32,float64
pilpnt_TYPE_MISMATCH,,,,,,,,,,agen,int32,float64
pilpnt_TYPE_MISMATCH,,,,,,,,,,rcid,int32,float64
pilpnt_TYPE_MISMATCH,,,,,,,,,,verlen,float64,object
pilpnt_TYPE_MISMATCH,,,,,,,,,,scamin,int32,int64
pilpnt_TYPE_MISMATCH,,,,,,,,,,grup,int32,float64
pilpnt_TYPE_MISMATCH,,,,,,,,,,verdat,float64,object
hrbfac,30.0,41.0,29.0,12.0,1.0,13.0,False,"lnam_refs, usag, mask, name_rcnm, ornt, ffpt_rind, name_rcid, wkb_geometry, cathaf, ogc_fid, status, natcon",geometry,,,
hrbfac_TYPE_MISMATCH,,,,,,,,,,objl,int32,float64
hrbfac_TYPE_MISMATCH,,,,,,,,,,fids,int32,float64
hrbfac_TYPE_MISMATCH,,,,,,,,,,dsid_updn,int32,int64
hrbfac_TYPE_MISMATCH,,,,,,,,,,rver,int32,float64
hrbfac_TYPE_MISMATCH,,,,,,,,,,dsid_edtn,int32,int64
hrbfac_TYPE_MISMATCH,,,,,,,,,,prim,int32,float64
hrbfac_TYPE_MISMATCH,,,,,,,,,,scamax,float64,object
hrbfac_TYPE_MISMATCH,,,,,,,,,,condtn,float64,object
hrbfac_TYPE_MISMATCH,,,,,,,,,,agen,int32,float64
hrbfac_TYPE_MISMATCH,,,,,,,,,,rcid,int32,float64
hrbfac_TYPE_MISMATCH,,,,,,,,,,scamin,int32,int64
hrbfac_TYPE_MISMATCH,,,,,,,,,,grup,int32,float64
hrbfac_TYPE_MISMATCH,,,,,,,,,,fidn,int32,float64
unsare,23.0,31.0,22.0,9.0,1.0,12.0,False,"lnam_refs, usag, mask, name_rcnm, ornt, ffpt_rind, name_rcid, wkb_geometry, ogc_fid",geometry,,,
unsare_TYPE_MISMATCH,,,,,,,,,,objl,int32,float64
unsare_TYPE_MISMATCH,,,,,,,,,,fids,int32,float64
unsare_TYPE_MISMATCH,,,,,,,,,,dsid_updn,int32,int64
unsare_TYPE_MISMATCH,,,,,,,,,,rver,int32,float64
unsare_TYPE_MISMATCH,,,,,,,,,,dsid_edtn,int32,int64
unsare_TYPE_MISMATCH,,,,,,,,,,prim,int32,float64
unsare_TYPE_MISMATCH,,,,,,,,,,scamax,float64,object
unsare_TYPE_MISMATCH,,,,,,,,,,agen,int32,float64
unsare_TYPE_MISMATCH,,,,,,,,,,rcid,int32,float64
unsare_TYPE_MISMATCH,,,,,,,,,,scamin,float64,object
unsare_TYPE_MISMATCH,,,,,,,,,,grup,int32,float64
unsare_TYPE_MISMATCH,,,,,,,,,,fidn,int32,float64
boyspp,35.0,48.0,34.0,14.0,1.0,14.0,False,"lnam_refs, usag, mask, name_rcnm, ornt, ffpt_rind, name_rcid, wkb_geometry, colour, ogc_fid, status, colpat, natcon, catspm",geometry,,,
boyspp_TYPE_MISMATCH,,,,,,,,,,objl,int32,float64
boyspp_TYPE_MISMATCH,,,,,,,,,,fids,int32,float64
boyspp_TYPE_MISMATCH,,,,,,,,,,dsid_updn,int32,int64
boyspp_TYPE_MISMATCH,,,,,,,,,,rver,int32,float64
boyspp_TYPE_MISMATCH,,,,,,,,,,veracc,float64,object
boyspp_TYPE_MISMATCH,,,,,,,,,,dsid_edtn,int32,int64
boyspp_TYPE_MISMATCH,,,,,,,,,,prim,int32,float64
boyspp_TYPE_MISMATCH,,,,,,,,,,scamax,float64,object
boyspp_TYPE_MISMATCH,,,,,,,,,,agen,int32,float64
boyspp_TYPE_MISMATCH,,,,,,,,,,rcid,int32,float64
boyspp_TYPE_MISMATCH,,,,,,,,,,verlen,float64,object
boyspp_TYPE_MISMATCH,,,,,,,,,,scamin,int32,int64
boyspp_TYPE_MISMATCH,,,,,,,,,,grup,int32,float64
boyspp_TYPE_MISMATCH,,,,,,,,,,fidn,int32,float64
fshzne,26.0,35.0,25.0,10.0,1.0,12.0,False,"lnam_refs, usag, mask, name_rcnm, ornt, ffpt_rind, name_rcid, wkb_geometry, ogc_fid, status",geometry,,,
fshzne_TYPE_MISMATCH,,,,,,,,,,objl,int32,float64
fshzne_TYPE_MISMATCH,,,,,,,,,,fids,int32,float64
fshzne_TYPE_MISMATCH,,,,,,,,,,dsid_updn,int32,int64
fshzne_TYPE_MISMATCH,,,,,,,,,,rver,int32,float64
fshzne_TYPE_MISMATCH,,,,,,,,,,dsid_edtn,int32,int64
fshzne_TYPE_MISMATCH,,,,,,,,,,prim,int32,float64
fshzne_TYPE_MISMATCH,,,,,,,,,,scamax,float64,object
fshzne_TYPE_MISMATCH,,,,,,,,,,agen,int32,float64
fshzne_TYPE_MISMATCH,,,,,,,,,,rcid,int32,float64
fshzne_TYPE_MISMATCH,,,,,,,,,,scamin,int32,int64
fshzne_TYPE_MISMATCH,,,,,,,,,,grup,int32,float64
fshzne_TYPE_MISMATCH,,,,,,,,,,fidn,int32,float64
m_npub,23.0,31.0,22.0,9.0,1.0,10.0,False,"lnam_refs, usag, mask, name_rcnm, ornt, ffpt_rind, name_rcid, wkb_geometry, ogc_fid",geometry,,,
m_npub_TYPE_MISMATCH,,,,,,,,,,objl,int32,float64
m_npub_TYPE_MISMATCH,,,,,,,,,,fids,int32,float64
m_npub_TYPE_MISMATCH,,,,,,,,,,dsid_updn,int32,int64
m_npub_TYPE_MISMATCH,,,,,,,,,,rver,int32,float64
m_npub_TYPE_MISMATCH,,,,,,,,,,dsid_edtn,int32,int64
m_npub_TYPE_MISMATCH,,,,,,,,,,prim,int32,float64
m_npub_TYPE_MISMATCH,,,,,,,,,,agen,int32,float64
m_npub_TYPE_MISMATCH,,,,,,,,,,rcid,int32,float64
m_npub_TYPE_MISMATCH,,,,,,,,,,grup,int32,float64
m_npub_TYPE_MISMATCH,,,,,,,,,,fidn,int32,float64
isolatednode,10.0,11.0,9.0,2.0,1.0,8.0,False,"wkb_geometry, ogc_fid",geometry,,,
isolatednode_TYPE_MISMATCH,,,,,,,,,,dsid_updn,int32,object
isolatednode_TYPE_MISMATCH,,,,,,,,,,ruin,int32,object
isolatednode_TYPE_MISMATCH,,,,,,,,,,posacc,float64,object
isolatednode_TYPE_MISMATCH,,,,,,,,,,rcnm,int32,object
isolatednode_TYPE_MISMATCH,,,,,,,,,,rver,int32,object
isolatednode_TYPE_MISMATCH,,,,,,,,,,quapos,int32,object
isolatednode_TYPE_MISMATCH,,,,,,,,,,rcid,int32,object
isolatednode_TYPE_MISMATCH,,,,,,,,,,dsid_edtn,int32,object
topmar,34.0,45.0,33.0,12.0,1.0,18.0,False,"lnam_refs, usag, mask, name_rcnm, ornt, ffpt_rind, name_rcid, wkb_geometry, colour, ogc_fid, status, colpat",geometry,,,
topmar_TYPE_MISMATCH,,,,,,,,,,objl,int32,float64
topmar_TYPE_MISMATCH,,,,,,,,,,fids,int32,float64
topmar_TYPE_MISMATCH,,,,,,,,,,dsid_updn,int32,int64
topmar_TYPE_MISMATCH,,,,,,,,,,rver,int32,float64
topmar_TYPE_MISMATCH,,,,,,,,,,veracc,float64,object
topmar_TYPE_MISMATCH,,,,,,,,,,prim,int32,float64
topmar_TYPE_MISMATCH,,,,,,,,,,dsid_edtn,int32,int64
topmar_TYPE_MISMATCH,,,,,,,,,,scamax,float64,object
topmar_TYPE_MISMATCH,,,,,,,,,,height,float64,object
topmar_TYPE_MISMATCH,,,,,,,,,,fidn,int32,float64
topmar_TYPE_MISMATCH,,,,,,,,,,agen,int32,float64
topmar_TYPE_MISMATCH,,,,,,,,,,rcid,int32,float64
topmar_TYPE_MISMATCH,,,,,,,,,,verlen,float64,object
topmar_TYPE_MISMATCH,,,,,,,,,,marsys,float64,object
topmar_TYPE_MISMATCH,,,,,,,,,,scamin,int32,int64
topmar_TYPE_MISMATCH,,,,,,,,,,topshp,int32,int64
topmar_TYPE_MISMATCH,,,,,,,,,,grup,int32,float64
topmar_TYPE_MISMATCH,,,,,,,,,,verdat,float64,object
m_covr,20.0,28.0,19.0,9.0,1.0,11.0,False,"lnam_refs, usag, mask, name_rcnm, ornt, ffpt_rind, name_rcid, wkb_geometry, ogc_fid",geometry,,,
m_covr_TYPE_MISMATCH,,,,,,,,,,objl,int32,float64
m_covr_TYPE_MISMATCH,,,,,,,,,,fids,int32,float64
m_covr_TYPE_MISMATCH,,,,,,,,,,dsid_updn,int32,int64
m_covr_TYPE_MISMATCH,,,,,,,,,,rver,int32,float64
m_covr_TYPE_MISMATCH,,,,,,,,,,prim,int32,float64
m_covr_TYPE_MISMATCH,,,,,,,,,,dsid_edtn,int32,int64
m_covr_TYPE_MISMATCH,,,,,,,,,,catcov,int32,int64
m_covr_TYPE_MISMATCH,,,,,,,,,,agen,int32,float64
m_covr_TYPE_MISMATCH,,,,,,,,,,rcid,int32,float64
m_covr_TYPE_MISMATCH,,,,,,,,,,grup,int32,float64
m_covr_TYPE_MISMATCH,,,,,,,,,,fidn,int32,float64
conzne,26.0,35.0,25.0,10.0,1.0,12.0,False,"lnam_refs, usag, mask, name_rcnm, ornt, ffpt_rind, name_rcid, wkb_geometry, ogc_fid, status",geometry,,,
conzne_TYPE_MISMATCH,,,,,,,,,,objl,int32,float64
conzne_TYPE_MISMATCH,,,,,,,,,,fids,int32,float64
conzne_TYPE_MISMATCH,,,,,,,,,,dsid_updn,int32,int64
conzne_TYPE_MISMATCH,,,,,,,,,,rver,int32,float64
conzne_TYPE_MISMATCH,,,,,,,,,,dsid_edtn,int32,int64
conzne_TYPE_MISMATCH,,,,,,,,,,prim,int32,float64
conzne_TYPE_MISMATCH,,,,,,,,,,scamax,float64,object
conzne_TYPE_MISMATCH,,,,,,,,,,agen,int32,float64
conzne_TYPE_MISMATCH,,,,,,,,,,rcid,int32,float64
conzne_TYPE_MISMATCH,,,,,,,,,,scamin,int32,int64
conzne_TYPE_MISMATCH,,,,,,,,,,grup,int32,float64
conzne_TYPE_MISMATCH,,,,,,,,,,fidn,int32,float64
resare,29.0,40.0,28.0,12.0,1.0,12.0,False,"lnam_refs, usag, mask, name_rcnm, ornt, ffpt_rind, catrea, name_rcid, wkb_geometry, ogc_fid, status, restrn",geometry,,,
resare_TYPE_MISMATCH,,,,,,,,,,objl,int32,float64
resare_TYPE_MISMATCH,,,,,,,,,,fids,int32,float64
resare_TYPE_MISMATCH,,,,,,,,,,dsid_updn,int32,int64
resare_TYPE_MISMATCH,,,,,,,,,,rver,int32,float64
resare_TYPE_MISMATCH,,,,,,,,,,dsid_edtn,int32,int64
resare_TYPE_MISMATCH,,,,,,,,,,prim,int32,float64
resare_TYPE_MISMATCH,,,,,,,,,,scamax,float64,object
resare_TYPE_MISMATCH,,,,,,,,,,agen,int32,float64
resare_TYPE_MISMATCH,,,,,,,,,,rcid,int32,float64
resare_TYPE_MISMATCH,,,,,,,,,,scamin,int32,int64
resare_TYPE_MISMATCH,,,,,,,,,,grup,int32,float64
resare_TYPE_MISMATCH,,,,,,,,,,fidn,int32,float64
seaare,26.0,34.0,25.0,9.0,1.0,12.0,False,"lnam_refs, usag, mask, name_rcnm, ornt, ffpt_rind, name_rcid, wkb_geometry, ogc_fid",geometry,,,
seaare_TYPE_MISMATCH,,,,,,,,,,objl,int32,float64
seaare_TYPE_MISMATCH,,,,,,,,,,fids,int32,float64
seaare_TYPE_MISMATCH,,,,,,,,,,dsid_updn,int32,int64
seaare_TYPE_MISMATCH,,,,,,,,,,rver,int32,float64
seaare_TYPE_MISMATCH,,,,,,,,,,dsid_edtn,int32,int64
seaare_TYPE_MISMATCH,,,,,,,,,,prim,int32,float64
seaare_TYPE_MISMATCH,,,,,,,,,,scamax,float64,object
seaare_TYPE_MISMATCH,,,,,,,,,,agen,int32,float64
seaare_TYPE_MISMATCH,,,,,,,,,,rcid,int32,float64
seaare_TYPE_MISMATCH,,,,,,,,,,scamin,int32,int64
seaare_TYPE_MISMATCH,,,,,,,,,,grup,int32,float64
seaare_TYPE_MISMATCH,,,,,,,,,,fidn,int32,float64
navlne,29.0,38.0,28.0,10.0,1.0,12.0,False,"lnam_refs, usag, mask, name_rcnm, ornt, ffpt_rind, name_rcid, wkb_geometry, ogc_fid, status",geometry,,,
navlne_TYPE_MISMATCH,,,,,,,,,,objl,int32,float64
navlne_TYPE_MISMATCH,,,,,,,,,,fids,int32,float64
navlne_TYPE_MISMATCH,,,,,,,,,,dsid_updn,int32,int64
navlne_TYPE_MISMATCH,,,,,,,,,,rver,int32,float64
navlne_TYPE_MISMATCH,,,,,,,,,,dsid_edtn,int32,int64
navlne_TYPE_MISMATCH,,,,,,,,,,prim,int32,float64
navlne_TYPE_MISMATCH,,,,,,,,,,scamax,float64,object
navlne_TYPE_MISMATCH,,,,,,,,,,agen,int32,float64
navlne_TYPE_MISMATCH,,,,,,,,,,rcid,int32,float64
navlne_TYPE_MISMATCH,,,,,,,,,,scamin,int32,int64
navlne_TYPE_MISMATCH,,,,,,,,,,grup,int32,float64
navlne_TYPE_MISMATCH,,,,,,,,,,fidn,int32,float64
lndrgn,26.0,37.0,25.0,12.0,1.0,13.0,False,"lnam_refs, usag, mask, name_rcnm, natsur, ffpt_rind, ornt, name_rcid, wkb_geometry, ogc_fid, natqua, catlnd",geometry,,,
lndrgn_TYPE_MISMATCH,,,,,,,,,,objl,int32,float64
lndrgn_TYPE_MISMATCH,,,,,,,,,,fids,int32,float64
lndrgn_TYPE_MISMATCH,,,,,,,,,,dsid_updn,int32,int64
lndrgn_TYPE_MISMATCH,,,,,,,,,,watlev,float64,object
lndrgn_TYPE_MISMATCH,,,,,,,,,,rver,int32,float64
lndrgn_TYPE_MISMATCH,,,,,,,,,,dsid_edtn,int32,int64
lndrgn_TYPE_MISMATCH,,,,,,,,,,prim,int32,float64
lndrgn_TYPE_MISMATCH,,,,,,,,,,scamax,float64,object
lndrgn_TYPE_MISMATCH,,,,,,,,,,agen,int32,float64
lndrgn_TYPE_MISMATCH,,,,,,,,,,rcid,int32,float64
lndrgn_TYPE_MISMATCH,,,,,,,,,,scamin,int32,int64
lndrgn_TYPE_MISMATCH,,,,,,,,,,grup,int32,float64
lndrgn_TYPE_MISMATCH,,,,,,,,,,fidn,int32,float64
lndmrk,34.0,48.0,33.0,15.0,1.0,16.0,False,"lnam_refs, usag, catlmk, mask, name_rcnm, ornt, ffpt_rind, name_rcid, wkb_geometry, colour, ogc_fid, functn, status, colpat, natcon",geometry,,,
lndmrk_TYPE_MISMATCH,,,,,,,,,,objl,int32,float64
lndmrk_TYPE_MISMATCH,,,,,,,,,,fids,int32,float64
lndmrk_TYPE_MISMATCH,,,,,,,,,,dsid_updn,int32,int64
lndmrk_TYPE_MISMATCH,,,,,,,,,,convis,int32,int64
lndmrk_TYPE_MISMATCH,,,,,,,,,,elevat,float64,object
lndmrk_TYPE_MISMATCH,,,,,,,,,,rver,int32,float64
lndmrk_TYPE_MISMATCH,,,,,,,,,,veracc,float64,object
lndmrk_TYPE_MISMATCH,,,,,,,,,,prim,int32,float64
lndmrk_TYPE_MISMATCH,,,,,,,,,,dsid_edtn,int32,int64
lndmrk_TYPE_MISMATCH,,,,,,,,,,scamax,float64,object
lndmrk_TYPE_MISMATCH,,,,,,,,,,fidn,int32,float64
lndmrk_TYPE_MISMATCH,,,,,,,,,,agen,int32,float64
lndmrk_TYPE_MISMATCH,,,,,,,,,,rcid,int32,float64
lndmrk_TYPE_MISMATCH,,,,,,,,,,scamin,int32,int64
lndmrk_TYPE_MISMATCH,,,,,,,,,,grup,int32,float64
lndmrk_TYPE_MISMATCH,,,,,,,,,,verdat,float64,object
wrecks,36.0,47.0,35.0,12.0,1.0,20.0,False,"lnam_refs, usag, tecsou, mask, name_rcnm, status, ornt, ffpt_rind, name_rcid, wkb_geometry, ogc_fid, quasou",geometry,,,
wrecks_TYPE_MISMATCH,,,,,,,,,,objl,int32,float64
wrecks_TYPE_MISMATCH,,,,,,,,,,catwrk,int32,int64
wrecks_TYPE_MISMATCH,,,,,,,,,,fids,int32,float64
wrecks_TYPE_MISMATCH,,,,,,,,,,dsid_updn,int32,int64
wrecks_TYPE_MISMATCH,,,,,,,,,,convis,float64,object
wrecks_TYPE_MISMATCH,,,,,,,,,,watlev,int32,int64
wrecks_TYPE_MISMATCH,,,,,,,,,,rver,int32,float64
wrecks_TYPE_MISMATCH,,,,,,,,,,conrad,float64,object
wrecks_TYPE_MISMATCH,,,,,,,,,,veracc,float64,object
wrecks_TYPE_MISMATCH,,,,,,,,,,prim,int32,float64
wrecks_TYPE_MISMATCH,,,,,,,,,,dsid_edtn,int32,int64
wrecks_TYPE_MISMATCH,,,,,,,,,,scamax,float64,object
wrecks_TYPE_MISMATCH,,,,,,,,,,height,float64,object
wrecks_TYPE_MISMATCH,,,,,,,,,,fidn,int32,float64
wrecks_TYPE_MISMATCH,,,,,,,,,,agen,int32,float64
wrecks_TYPE_MISMATCH,,,,,,,,,,rcid,int32,float64
wrecks_TYPE_MISMATCH,,,,,,,,,,verlen,float64,object
wrecks_TYPE_MISMATCH,,,,,,,,,,grup,int32,float64
wrecks_TYPE_MISMATCH,,,,,,,,,,souacc,float64,object
wrecks_TYPE_MISMATCH,,,,,,,,,,verdat,float64,object
exezne,24.0,32.0,23.0,9.0,1.0,12.0,False,"lnam_refs, usag, mask, name_rcnm, ornt, ffpt_rind, name_rcid, wkb_geometry, ogc_fid",geometry,,,
exezne_TYPE_MISMATCH,,,,,,,,,,objl,int32,float64
exezne_TYPE_MISMATCH,,,,,,,,,,fids,int32,float64
exezne_TYPE_MISMATCH,,,,,,,,,,dsid_updn,int32,int64
exezne_TYPE_MISMATCH,,,,,,,,,,rver,int32,float64
exezne_TYPE_MISMATCH,,,,,,,,,,dsid_edtn,int32,int64
exezne_TYPE_MISMATCH,,,,,,,,,,prim,int32,float64
exezne_TYPE_MISMATCH,,,,,,,,,,scamax,float64,object
exezne_TYPE_MISMATCH,,,,,,,,,,agen,int32,float64
exezne_TYPE_MISMATCH,,,,,,,,,,rcid,int32,float64
exezne_TYPE_MISMATCH,,,,,,,,,,scamin,int32,int64
exezne_TYPE_MISMATCH,,,,,,,,,,grup,int32,float64
exezne_TYPE_MISMATCH,,,,,,,,,,fidn,int32,float64
edge,22.0,23.0,21.0,2.0,1.0,20.0,False,"wkb_geometry, ogc_fid",geometry,,,
edge_TYPE_MISMATCH,,,,,,,,,,dsid_updn,int32,object
edge_TYPE_MISMATCH,,,,,,,,,,mask_0,int32,object
edge_TYPE_MISMATCH,,,,,,,,,,rver,int32,object
edge_TYPE_MISMATCH,,,,,,,,,,name_rcid_1,int32,object
edge_TYPE_MISMATCH,,,,,,,,,,dsid_edtn,int32,object
edge_TYPE_MISMATCH,,,,,,,,,,name_rcnm_0,int32,object
edge_TYPE_MISMATCH,,,,,,,,,,mask_1,int32,object
edge_TYPE_MISMATCH,,,,,,,,,,usag_1,int32,object
edge_TYPE_MISMATCH,,,,,,,,,,topi_1,int32,object
edge_TYPE_MISMATCH,,,,,,,,,,rcnm,int32,object
edge_TYPE_MISMATCH,,,,,,,,,,usag_0,int32,object
edge_TYPE_MISMATCH,,,,,,,,,,topi_0,int32,object
edge_TYPE_MISMATCH,,,,,,,,,,rcid,int32,object
edge_TYPE_MISMATCH,,,,,,,,,,name_rcid_0,int32,object
edge_TYPE_MISMATCH,,,,,,,,,,ruin,int32,object
edge_TYPE_MISMATCH,,,,,,,,,,posacc,float64,object
edge_TYPE_MISMATCH,,,,,,,,,,quapos,int32,object
edge_TYPE_MISMATCH,,,,,,,,,,ornt_0,int32,object
edge_TYPE_MISMATCH,,,,,,,,,,ornt_1,int32,object
edge_TYPE_MISMATCH,,,,,,,,,,name_rcnm_1,int32,object
pipsol,34.0,45.0,33.0,12.0,1.0,19.0,False,"lnam_refs, usag, mask, name_rcnm, prodct, ornt, ffpt_rind, name_rcid, wkb_geometry, ogc_fid, status, catpip",geometry,,,
pipsol_TYPE_MISMATCH,,,,,,,,,,objl,int32,float64
pipsol_TYPE_MISMATCH,,,,,,,,,,fids,int32,float64
pipsol_TYPE_MISMATCH,,,,,,,,,,drval2,float64,object
pipsol_TYPE_MISMATCH,,,,,,,,,,dsid_updn,int32,int64
pipsol_TYPE_MISMATCH,,,,,,,,,,rver,int32,float64
pipsol_TYPE_MISMATCH,,,,,,,,,,veracc,float64,object
pipsol_TYPE_MISMATCH,,,,,,,,,,prim,int32,float64
pipsol_TYPE_MISMATCH,,,,,,,,,,dsid_edtn,int32,int64
pipsol_TYPE_MISMATCH,,,,,,,,,,scamax,float64,object
pipsol_TYPE_MISMATCH,,,,,,,,,,condtn,float64,object
pipsol_TYPE_MISMATCH,,,,,,,,,,fidn,int32,float64
pipsol_TYPE_MISMATCH,,,,,,,,,,drval1,float64,object
pipsol_TYPE_MISMATCH,,,,,,,,,,agen,int32,float64
pipsol_TYPE_MISMATCH,,,,,,,,,,rcid,int32,float64
pipsol_TYPE_MISMATCH,,,,,,,,,,verlen,float64,object
pipsol_TYPE_MISMATCH,,,,,,,,,,scamin,int32,int64
pipsol_TYPE_MISMATCH,,,,,,,,,,grup,int32,float64
pipsol_TYPE_MISMATCH,,,,,,,,,,verdat,float64,object
pipsol_TYPE_MISMATCH,,,,,,,,,,burdep,float64,object
ctsare,29.0,38.0,28.0,10.0,1.0,12.0,False,"lnam_refs, usag, mask, name_rcnm, ornt, ffpt_rind, name_rcid, wkb_geometry, ogc_fid, status",geometry,,,
ctsare_TYPE_MISMATCH,,,,,,,,,,objl,int32,float64
ctsare_TYPE_MISMATCH,,,,,,,,,,fids,int32,float64
ctsare_TYPE_MISMATCH,,,,,,,,,,dsid_updn,int32,int64
ctsare_TYPE_MISMATCH,,,,,,,,,,rver,int32,float64
ctsare_TYPE_MISMATCH,,,,,,,,,,dsid_edtn,int32,int64
ctsare_TYPE_MISMATCH,,,,,,,,,,prim,int32,float64
ctsare_TYPE_MISMATCH,,,,,,,,,,scamax,float64,object
ctsare_TYPE_MISMATCH,,,,,,,,,,agen,int32,float64
ctsare_TYPE_MISMATCH,,,,,,,,,,rcid,int32,float64
ctsare_TYPE_MISMATCH,,,,,,,,,,scamin,int32,int64
ctsare_TYPE_MISMATCH,,,,,,,,,,grup,int32,float64
ctsare_TYPE_MISMATCH,,,,,,,,,,fidn,int32,float64
soundg,29.0,40.0,28.0,12.0,1.0,14.0,False,"lnam_refs, usag, tecsou, mask, name_rcnm, status, ornt, ffpt_rind, name_rcid, wkb_geometry, ogc_fid, quasou",geometry,,,
soundg_TYPE_MISMATCH,,,,,,,,,,objl,int32,float64
soundg_TYPE_MISMATCH,,,,,,,,,,fids,int32,float64
soundg_TYPE_MISMATCH,,,,,,,,,,dsid_updn,int32,int64
soundg_TYPE_MISMATCH,,,,,,,,,,rver,int32,float64
soundg_TYPE_MISMATCH,,,,,,,,,,prim,int32,float64
soundg_TYPE_MISMATCH,,,,,,,,,,dsid_edtn,int32,int64
soundg_TYPE_MISMATCH,,,,,,,,,,scamax,float64,object
soundg_TYPE_MISMATCH,,,,,,,,,,fidn,int32,float64
soundg_TYPE_MISMATCH,,,,,,,,,,agen,int32,float64
soundg_TYPE_MISMATCH,,,,,,,,,,rcid,int32,float64
soundg_TYPE_MISMATCH,,,,,,,,,,scamin,int32,int64
soundg_TYPE_MISMATCH,,,,,,,,,,grup,int32,float64
soundg_TYPE_MISMATCH,,,,,,,,,,souacc,float64,object
soundg_TYPE_MISMATCH,,,,,,,,,,verdat,float64,object
tesare,24.0,33.0,23.0,10.0,1.0,12.0,False,"lnam_refs, usag, mask, name_rcnm, ornt, ffpt_rind, name_rcid, wkb_geometry, ogc_fid, restrn",geometry,,,
tesare_TYPE_MISMATCH,,,,,,,,,,objl,int32,float64
tesare_TYPE_MISMATCH,,,,,,,,,,fids,int32,float64
tesare_TYPE_MISMATCH,,,,,,,,,,dsid_updn,int32,int64
tesare_TYPE_MISMATCH,,,,,,,,,,rver,int32,float64
tesare_TYPE_MISMATCH,,,,,,,,,,dsid_edtn,int32,int64
tesare_TYPE_MISMATCH,,,,,,,,,,prim,int32,float64
tesare_TYPE_MISMATCH,,,,,,,,,,scamax,float64,object
tesare_TYPE_MISMATCH,,,,,,,,,,agen,int32,float64
tesare_TYPE_MISMATCH,,,,,,,,,,rcid,int32,float64
tesare_TYPE_MISMATCH,,,,,,,,,,scamin,int32,int64
tesare_TYPE_MISMATCH,,,,,,,,,,grup,int32,float64
tesare_TYPE_MISMATCH,,,,,,,,,,fidn,int32,float64
wedklp,26.0,34.0,25.0,9.0,1.0,13.0,False,"lnam_refs, usag, mask, name_rcnm, ornt, ffpt_rind, name_rcid, wkb_geometry, ogc_fid",geometry,,,
wedklp_TYPE_MISMATCH,,,,,,,,,,objl,int32,float64
wedklp_TYPE_MISMATCH,,,,,,,,,,fids,int32,float64
wedklp_TYPE_MISMATCH,,,,,,,,,,dsid_updn,int32,int64
wedklp_TYPE_MISMATCH,,,,,,,,,,rver,int32,float64
wedklp_TYPE_MISMATCH,,,,,,,,,,dsid_edtn,int32,int64
wedklp_TYPE_MISMATCH,,,,,,,,,,prim,int32,float64
wedklp_TYPE_MISMATCH,,,,,,,,,,scamax,float64,object
wedklp_TYPE_MISMATCH,,,,,,,,,,catwed,int32,int64
wedklp_TYPE_MISMATCH,,,,,,,,,,agen,int32,float64
wedklp_TYPE_MISMATCH,,,,,,,,,,rcid,int32,float64
wedklp_TYPE_MISMATCH,,,,,,,,,,scamin,int32,int64
wedklp_TYPE_MISMATCH,,,,,,,,,,grup,int32,float64
wedklp_TYPE_MISMATCH,,,,,,,,,,fidn,int32,float64
